path,path_type,artifact_kind,archive_status,module_short_id,module_locator,module_name,canonical_module_root,stable_module_id,confidence,match_score,relationship_type,ownership_signal,evidence_types,evidence_details,notes
context_packets/50000000000000000001/F1_CONFIG_PREFERENCES__MODULE_CONTEXT_BOUNDARY/work_cell_context.json,file,work_cell,active_or_unknown,m0001,F1,config-preferences,m0001-f1-config-preferences,50000000000000000001,exact,99,module_context_artifact,module_context,stable_id,File is nested under canonical module context-packet ID.,
context_packets/50000000000000000001/ai_readme.md,file,context_readme,active_or_unknown,m0001,F1,config-preferences,m0001-f1-config-preferences,50000000000000000001,exact,99,module_context_artifact,module_context,stable_id,File is nested under canonical module context-packet ID.,
context_packets/50000000000000000001/context_packet.json,file,context_packet,active_or_unknown,m0001,F1,config-preferences,m0001-f1-config-preferences,50000000000000000001,exact,99,module_context_artifact,module_context,stable_id,File is nested under canonical module context-packet ID.,
context_packets/50000000000000000001,folder,context_packet_folder,active_or_unknown,m0001,F1,config-preferences,m0001-f1-config-preferences,50000000000000000001,exact,99,module_context_packet_root,module_context,stable_id,Folder uses the canonical 20-digit module ID.,
context_packets/50000000000000000001/F1_CONFIG_PREFERENCES__MODULE_CONTEXT_BOUNDARY,folder,context_packet_folder,active_or_unknown,m0001,F1,config-preferences,m0001-f1-config-preferences,50000000000000000001,exact,99,module_context_subfolder,module_context,stable_id; direct_component_name; locator_plus_canonical_name,Folder is nested under canonical module context-packet ID. | Final path component contains 'f1 config preferences'. | Final path component contains 'config preferences'. | Final path component contains 'preferences'. | Final path component contains locator F1 and canonical name 'config preferences'.,
config/1199900002260118_parameter_sets.json,file,configuration,active_or_unknown,m0001,F1,config-preferences,m0001-f1-config-preferences,50000000000000000001,high,90,configuration_source,candidate_owned,direct_component_name; explicit_path_crosswalk,Final path component contains 'parameter sets'. | Parameter-set configuration directly aligns with F1.,
services/dashboard-backend/work_cells/UI_UI_SCREEN_REENTRY_PARAMETER_SETS.json,file,work_cell,active_or_unknown,m0001,F1,config-preferences,m0001-f1-config-preferences,50000000000000000001,high,90,configuration_source,candidate_owned,direct_component_name,Final path component contains 'parameter sets'.,
services/desktop-ui/work_cells/UI_UI_SCREEN_REENTRY_PARAMETER_SETS.json,file,work_cell,active_or_unknown,m0001,F1,config-preferences,m0001-f1-config-preferences,50000000000000000001,high,90,configuration_source,candidate_owned,direct_component_name,Final path component contains 'parameter sets'.,
services/gui-gateway/work_cells/UI_UI_SCREEN_REENTRY_PARAMETER_SETS.json,file,work_cell,active_or_unknown,m0001,F1,config-preferences,m0001-f1-config-preferences,50000000000000000001,high,90,configuration_source,candidate_owned,direct_component_name,Final path component contains 'parameter sets'.,
context_packets/50000000000000000099/UI_UI_SCREEN_REENTRY_PARAMETER_SETS,folder,context_packet_folder,active_or_unknown,m0001,F1,config-preferences,m0001-f1-config-preferences,50000000000000000001,high,90,configuration_source,candidate_owned,direct_component_name,Final path component contains 'parameter sets'.,
context_packets/50000000000000000002/F3_CLOCK_SCHEDULER__MODULE_CONTEXT_BOUNDARY/work_cell_context.json,file,work_cell,active_or_unknown,m0002,F3,clock-scheduler,m0002-f3-clock-scheduler,50000000000000000002,exact,99,module_context_artifact,module_context,stable_id,File is nested under canonical module context-packet ID.,
context_packets/50000000000000000002/ai_readme.md,file,context_readme,active_or_unknown,m0002,F3,clock-scheduler,m0002-f3-clock-scheduler,50000000000000000002,exact,99,module_context_artifact,module_context,stable_id,File is nested under canonical module context-packet ID.,
context_packets/50000000000000000002/context_packet.json,file,context_packet,active_or_unknown,m0002,F3,clock-scheduler,m0002-f3-clock-scheduler,50000000000000000002,exact,99,module_context_artifact,module_context,stable_id,File is nested under canonical module context-packet ID.,
context_packets/50000000000000000002,folder,context_packet_folder,active_or_unknown,m0002,F3,clock-scheduler,m0002-f3-clock-scheduler,50000000000000000002,exact,99,module_context_packet_root,module_context,stable_id,Folder uses the canonical 20-digit module ID.,
context_packets/50000000000000000002/F3_CLOCK_SCHEDULER__MODULE_CONTEXT_BOUNDARY,folder,context_packet_folder,active_or_unknown,m0002,F3,clock-scheduler,m0002-f3-clock-scheduler,50000000000000000002,exact,99,module_context_subfolder,module_context,stable_id; direct_component_name; locator_plus_canonical_name,Folder is nested under canonical module context-packet ID. | Final path component contains 'f3 clock scheduler'. | Final path component contains 'clock scheduler'. | Final path component contains 'scheduler'. | Final path component contains locator F3 and canonical name 'clock scheduler'.,
lib/scheduler.py,file,implementation_source,active_or_unknown,m0002,F3,clock-scheduler,m0002-f3-clock-scheduler,50000000000000000002,high,90,implementation_source,candidate_owned,direct_component_name; explicit_path_crosswalk,Final path component contains 'scheduler'. | Scheduler implementation filename.,
context_packets/50000000000000000003/D2_CALENDAR_SOURCE_ADAPTER__SOURCE_REGISTRY_AND_POLLING/work_cell_context.json,file,work_cell,active_or_unknown,m0003,D2,calendar-source-adapter,m0003-d2-calendar-source-adapter,50000000000000000003,exact,99,module_context_artifact,module_context,stable_id,File is nested under canonical module context-packet ID.,
context_packets/50000000000000000003/ai_readme.md,file,context_readme,active_or_unknown,m0003,D2,calendar-source-adapter,m0003-d2-calendar-source-adapter,50000000000000000003,exact,99,module_context_artifact,module_context,stable_id,File is nested under canonical module context-packet ID.,
context_packets/50000000000000000003/context_packet.json,file,context_packet,active_or_unknown,m0003,D2,calendar-source-adapter,m0003-d2-calendar-source-adapter,50000000000000000003,exact,99,module_context_artifact,module_context,stable_id,File is nested under canonical module context-packet ID.,
context_packets/50000000000000000003,folder,context_packet_folder,active_or_unknown,m0003,D2,calendar-source-adapter,m0003-d2-calendar-source-adapter,50000000000000000003,exact,99,module_context_packet_root,module_context,stable_id,Folder uses the canonical 20-digit module ID.,
context_packets/50000000000000000003/D2_CALENDAR_SOURCE_ADAPTER__SOURCE_REGISTRY_AND_POLLING,folder,context_packet_folder,active_or_unknown,m0003,D2,calendar-source-adapter,m0003-d2-calendar-source-adapter,50000000000000000003,exact,99,module_context_subfolder,module_context,stable_id; direct_component_name; locator_plus_canonical_name,Folder is nested under canonical module context-packet ID. | Final path component contains 'd2 calendar source adapter'. | Final path component contains 'calendar source adapter'. | Final path component contains 'source registry and polling'. | Final path component contains locator D2 and canonical name 'calendar source adapter'.,
EAFIX_auth_docs/05_calendar_system/D2 CALENDAR SOURCE ADAPTER.manifest,file,manifest,active_or_unknown,m0003,D2,calendar-source-adapter,m0003-d2-calendar-source-adapter,50000000000000000003,exact,97,explicit_name_match,candidate_owned,direct_component_name; locator_plus_canonical_name; documentation_domain_folder,Final path component contains 'd2 calendar source adapter'. | Final path component contains 'calendar source adapter'. | Final path component contains locator D2 and canonical name 'calendar source adapter'. | Document is within a broad domain folder spanning 4 modules.,"Use content sections, not folder alone, to assign module ownership."
services/calendar-ingestor/work_cells/D2_CALENDAR_SOURCE_ADAPTER__SOURCE_REGISTRY_AND_POLLING.json,file,work_cell,active_or_unknown,m0003,D2,calendar-source-adapter,m0003-d2-calendar-source-adapter,50000000000000000003,exact,97,explicit_name_match,candidate_owned,direct_component_name; locator_plus_canonical_name; container_membership,Final path component contains 'd2 calendar source adapter'. | Final path component contains 'calendar source adapter'. | Final path component contains 'source registry and polling'. | Final path component contains locator D2 and canonical name 'calendar source adapter'. | File is under legacy container 'services/calendar-ingestor'.,Generic child names require content validation.
services/calendar-ingestor,folder,folder,active_or_unknown,m0003,D2,calendar-source-adapter,m0003-d2-calendar-source-adapter,50000000000000000003,high,90,legacy_container,candidate_owned,direct_component_name; legacy_container_name,Final path component contains 'calendar ingestor'. | Final path component contains 'calendar ingest'. | Container name maps to 4 candidate module(s).,Container identity does not determine every child file's ownership.
EAFIX_auth_docs/05_calendar_system/0110000071260118_05_calendar_ingest_transform.md,file,documentation,active_or_unknown,m0003,D2,calendar-source-adapter,m0003-d2-calendar-source-adapter,50000000000000000003,medium-high,78,implementation_or_doc,candidate_owned,direct_component_name; documentation_domain_folder,Final path component contains 'calendar ingest'. | Document is within a broad domain folder spanning 4 modules.,"Use content sections, not folder alone, to assign module ownership."
EAFIX_auth_docs/05_calendar_system/0199900001260118_Economic Calendar Integration Framework.md,file,documentation,active_or_unknown,m0003,D2,calendar-source-adapter,m0003-d2-calendar-source-adapter,50000000000000000003,medium-high,78,documentation,supports_module,direct_component_name; documentation_domain_folder,Final path component contains 'economic calendar integration'. | Document is within a broad domain folder spanning 4 modules.,"Use content sections, not folder alone, to assign module ownership."
context_packets/50000000000000000004/D3_CALENDAR_NORMALIZER__TIMESTAMP_IMPACT_IDENTITY/work_cell_context.json,file,work_cell,active_or_unknown,m0004,D3,calendar-normalizer,m0004-d3-calendar-normalizer,50000000000000000004,exact,99,module_context_artifact,module_context,stable_id,File is nested under canonical module context-packet ID.,
context_packets/50000000000000000004/ai_readme.md,file,context_readme,active_or_unknown,m0004,D3,calendar-normalizer,m0004-d3-calendar-normalizer,50000000000000000004,exact,99,module_context_artifact,module_context,stable_id,File is nested under canonical module context-packet ID.,
context_packets/50000000000000000004/context_packet.json,file,context_packet,active_or_unknown,m0004,D3,calendar-normalizer,m0004-d3-calendar-normalizer,50000000000000000004,exact,99,module_context_artifact,module_context,stable_id,File is nested under canonical module context-packet ID.,
context_packets/50000000000000000004,folder,context_packet_folder,active_or_unknown,m0004,D3,calendar-normalizer,m0004-d3-calendar-normalizer,50000000000000000004,exact,99,module_context_packet_root,module_context,stable_id,Folder uses the canonical 20-digit module ID.,
context_packets/50000000000000000004/D3_CALENDAR_NORMALIZER__TIMESTAMP_IMPACT_IDENTITY,folder,context_packet_folder,active_or_unknown,m0004,D3,calendar-normalizer,m0004-d3-calendar-normalizer,50000000000000000004,exact,99,module_context_subfolder,module_context,stable_id; direct_component_name; locator_plus_canonical_name,Folder is nested under canonical module context-packet ID. | Final path component contains 'd3 calendar normalizer'. | Final path component contains 'calendar normalizer'. | Final path component contains 'timestamp impact identity'. | Final path component contains locator D3 and canonical name 'calendar normalizer'.,
services/calendar-ingestor/work_cells/D3_CALENDAR_NORMALIZER__TIMESTAMP_IMPACT_IDENTITY.json,file,work_cell,active_or_unknown,m0004,D3,calendar-normalizer,m0004-d3-calendar-normalizer,50000000000000000004,exact,97,explicit_name_match,candidate_owned,direct_component_name; locator_plus_canonical_name; container_membership,Final path component contains 'd3 calendar normalizer'. | Final path component contains 'calendar normalizer'. | Final path component contains 'timestamp impact identity'. | Final path component contains locator D3 and canonical name 'calendar normalizer'. | File is under legacy container 'services/calendar-ingestor'.,Generic child names require content validation.
EAFIX_auth_docs/05_calendar_system/0110000079260118_econ_spec_standardized.md,file,documentation,active_or_unknown,m0004,D3,calendar-normalizer,m0004-d3-calendar-normalizer,50000000000000000004,medium-high,78,documentation,supports_module,direct_component_name; documentation_domain_folder,Final path component contains 'econ spec standardized'. | Document is within a broad domain folder spanning 4 modules.,"Use content sections, not folder alone, to assign module ownership."
context_packets/50000000000000000005/F2_EVENT_LOG__APPEND_ONLY_CALENDAR_EVENT_STORE/work_cell_context.json,file,work_cell,active_or_unknown,m0005,F2,event-log,m0005-f2-event-log,50000000000000000005,exact,99,module_context_artifact,module_context,stable_id,File is nested under canonical module context-packet ID.,
context_packets/50000000000000000005/ai_readme.md,file,context_readme,active_or_unknown,m0005,F2,event-log,m0005-f2-event-log,50000000000000000005,exact,99,module_context_artifact,module_context,stable_id,File is nested under canonical module context-packet ID.,
context_packets/50000000000000000005/context_packet.json,file,context_packet,active_or_unknown,m0005,F2,event-log,m0005-f2-event-log,50000000000000000005,exact,99,module_context_artifact,module_context,stable_id,File is nested under canonical module context-packet ID.,
context_packets/50000000000000000005,folder,context_packet_folder,active_or_unknown,m0005,F2,event-log,m0005-f2-event-log,50000000000000000005,exact,99,module_context_packet_root,module_context,stable_id,Folder uses the canonical 20-digit module ID.,
context_packets/50000000000000000005/F2_EVENT_LOG__APPEND_ONLY_CALENDAR_EVENT_STORE,folder,context_packet_folder,active_or_unknown,m0005,F2,event-log,m0005-f2-event-log,50000000000000000005,exact,99,module_context_subfolder,module_context,stable_id; direct_component_name; locator_plus_canonical_name,Folder is nested under canonical module context-packet ID. | Final path component contains 'f2 event log'. | Final path component contains 'event log'. | Final path component contains 'append only calendar event store'. | Final path component contains 'calendar event store'. | Final path component contains locator F2 and canonical name 'event log'.,
services/calendar-ingestor/work_cells/F2_EVENT_LOG__APPEND_ONLY_CALENDAR_EVENT_STORE.json,file,work_cell,active_or_unknown,m0005,F2,event-log,m0005-f2-event-log,50000000000000000005,exact,97,explicit_name_match,candidate_owned,direct_component_name; locator_plus_canonical_name; container_membership,Final path component contains 'f2 event log'. | Final path component contains 'event log'. | Final path component contains 'append only calendar event store'. | Final path component contains 'calendar event store'. | Final path component contains locator F2 and canonical name 'event log'. | File is under legacy container 'services/calendar-ingestor'.,Generic child names require content validation.
contracts/schemas/csv/0199900027260118_active_calendar_signals.csv.md,file,contract_or_schema,active_or_unknown,m0005,F2,event-log,m0005-f2-event-log,50000000000000000005,high,90,shared_contract_or_fixture,shared_support,direct_component_name; calendar_event_contract,Final path component contains 'active calendar signals'. | Contract/model/fixture filename names an interface object exchanged with m0005-f2-event-log.,Shared interface relationship; not automatic exclusive ownership.
tests/contracts/fixtures/1099900002260118_active_calendar_signals_valid.csv,file,test,active_or_unknown,m0005,F2,event-log,m0005-f2-event-log,50000000000000000005,high,90,shared_contract_or_fixture,shared_support,direct_component_name; calendar_event_contract,Final path component contains 'active calendar signals'. | Contract/model/fixture filename names an interface object exchanged with m0005-f2-event-log.,Shared interface relationship; not automatic exclusive ownership.
context_packets/50000000000000000006/D4_CALENDAR_TRIGGER_BUILDER__ANTICIPATION_AND_SUPPRESSION/work_cell_context.json,file,work_cell,active_or_unknown,m0006,D4,calendar-trigger-builder,m0006-d4-calendar-trigger-builder,50000000000000000006,exact,99,module_context_artifact,module_context,stable_id,File is nested under canonical module context-packet ID.,
context_packets/50000000000000000006/ai_readme.md,file,context_readme,active_or_unknown,m0006,D4,calendar-trigger-builder,m0006-d4-calendar-trigger-builder,50000000000000000006,exact,99,module_context_artifact,module_context,stable_id,File is nested under canonical module context-packet ID.,
context_packets/50000000000000000006/context_packet.json,file,context_packet,active_or_unknown,m0006,D4,calendar-trigger-builder,m0006-d4-calendar-trigger-builder,50000000000000000006,exact,99,module_context_artifact,module_context,stable_id,File is nested under canonical module context-packet ID.,
context_packets/50000000000000000006,folder,context_packet_folder,active_or_unknown,m0006,D4,calendar-trigger-builder,m0006-d4-calendar-trigger-builder,50000000000000000006,exact,99,module_context_packet_root,module_context,stable_id,Folder uses the canonical 20-digit module ID.,
context_packets/50000000000000000006/D4_CALENDAR_TRIGGER_BUILDER__ANTICIPATION_AND_SUPPRESSION,folder,context_packet_folder,active_or_unknown,m0006,D4,calendar-trigger-builder,m0006-d4-calendar-trigger-builder,50000000000000000006,exact,99,module_context_subfolder,module_context,stable_id; direct_component_name; locator_plus_canonical_name,Folder is nested under canonical module context-packet ID. | Final path component contains 'd4 calendar trigger builder'. | Final path component contains 'calendar trigger builder'. | Final path component contains 'anticipation and suppression'. | Final path component contains 'calendar trigger'. | Final path component contains locator D4 and canonical name 'calendar trigger builder'.,
services/calendar-ingestor/work_cells/D4_CALENDAR_TRIGGER_BUILDER__ANTICIPATION_AND_SUPPRESSION.json,file,work_cell,active_or_unknown,m0006,D4,calendar-trigger-builder,m0006-d4-calendar-trigger-builder,50000000000000000006,exact,97,explicit_name_match,candidate_owned,direct_component_name; locator_plus_canonical_name; container_membership,Final path component contains 'd4 calendar trigger builder'. | Final path component contains 'calendar trigger builder'. | Final path component contains 'anticipation and suppression'. | Final path component contains 'calendar trigger'. | Final path component contains locator D4 and canonical name 'calendar trigger builder'. | File is under legacy container 'services/calendar-ingestor'.,Generic child names require content validation.
context_packets/50000000000000000007/D1_MARKET_FEED_ADAPTER__MODULE_CONTEXT_BOUNDARY/work_cell_context.json,file,work_cell,active_or_unknown,m0007,D1,market-feed-adapter,m0007-d1-market-feed-adapter,50000000000000000007,exact,99,module_context_artifact,module_context,stable_id,File is nested under canonical module context-packet ID.,
context_packets/50000000000000000007/ai_readme.md,file,context_readme,active_or_unknown,m0007,D1,market-feed-adapter,m0007-d1-market-feed-adapter,50000000000000000007,exact,99,module_context_artifact,module_context,stable_id,File is nested under canonical module context-packet ID.,
context_packets/50000000000000000007/context_packet.json,file,context_packet,active_or_unknown,m0007,D1,market-feed-adapter,m0007-d1-market-feed-adapter,50000000000000000007,exact,99,module_context_artifact,module_context,stable_id,File is nested under canonical module context-packet ID.,
context_packets/50000000000000000007,folder,context_packet_folder,active_or_unknown,m0007,D1,market-feed-adapter,m0007-d1-market-feed-adapter,50000000000000000007,exact,99,module_context_packet_root,module_context,stable_id,Folder uses the canonical 20-digit module ID.,
context_packets/50000000000000000007/D1_MARKET_FEED_ADAPTER__MODULE_CONTEXT_BOUNDARY,folder,context_packet_folder,active_or_unknown,m0007,D1,market-feed-adapter,m0007-d1-market-feed-adapter,50000000000000000007,exact,99,module_context_subfolder,module_context,stable_id; direct_component_name; locator_plus_canonical_name,Folder is nested under canonical module context-packet ID. | Final path component contains 'd1 market feed adapter'. | Final path component contains 'market feed adapter'. | Final path component contains locator D1 and canonical name 'market feed adapter'.,
services/data-ingestor/work_cells/D1_MARKET_FEED_ADAPTER__MODULE_CONTEXT_BOUNDARY.json,file,work_cell,active_or_unknown,m0007,D1,market-feed-adapter,m0007-d1-market-feed-adapter,50000000000000000007,exact,97,explicit_name_match,candidate_owned,direct_component_name; locator_plus_canonical_name; container_membership,Final path component contains 'd1 market feed adapter'. | Final path component contains 'market feed adapter'. | Final path component contains locator D1 and canonical name 'market feed adapter'. | File is under legacy container 'services/data-ingestor'.,Generic child names require content validation.
deploy/helm/eafix-trading/templates/deployments/1299900055260118_data-ingestor.yaml,file,configuration,active_or_unknown,m0007,D1,market-feed-adapter,m0007-d1-market-feed-adapter,50000000000000000007,high,90,legacy_container,candidate_owned,direct_component_name,Final path component contains 'data ingestor'.,
services/data-ingestor/tests/unit/2099900118260118_test_data_ingestor_enterprise.py,file,test,active_or_unknown,m0007,D1,market-feed-adapter,m0007-d1-market-feed-adapter,50000000000000000007,high,90,legacy_container,candidate_owned,direct_component_name; container_membership,Final path component contains 'data ingestor'. | File is under legacy container 'services/data-ingestor'.,Generic child names require content validation.
services/data-ingestor/tests/unit/2099900119260118_test_data_ingestor_service.py,file,test,active_or_unknown,m0007,D1,market-feed-adapter,m0007-d1-market-feed-adapter,50000000000000000007,high,90,legacy_container,candidate_owned,direct_component_name; container_membership,Final path component contains 'data ingestor'. | File is under legacy container 'services/data-ingestor'.,Generic child names require content validation.
services/data-ingestor,folder,folder,active_or_unknown,m0007,D1,market-feed-adapter,m0007-d1-market-feed-adapter,50000000000000000007,high,90,legacy_container,candidate_owned,direct_component_name; legacy_container_name,Final path component contains 'data ingestor'. | Container name maps to 1 candidate module(s).,Container identity does not determine every child file's ownership.
services/data_ingestor,folder,folder,active_or_unknown,m0007,D1,market-feed-adapter,m0007-d1-market-feed-adapter,50000000000000000007,high,90,legacy_container,candidate_owned,direct_component_name; legacy_container_name,Final path component contains 'data ingestor'. | Container name maps to 1 candidate module(s).,Container identity does not determine every child file's ownership.
services/dashboard-backend/work_cells/UI_UI_SCREEN_DDE_PRICE_FEED.json,file,work_cell,active_or_unknown,m0007,D1,market-feed-adapter,m0007-d1-market-feed-adapter,50000000000000000007,medium-high,78,ui_or_doc_support,supports_module,direct_component_name,Final path component contains 'dde price feed'.,
services/desktop-ui/work_cells/UI_UI_SCREEN_DDE_PRICE_FEED.json,file,work_cell,active_or_unknown,m0007,D1,market-feed-adapter,m0007-d1-market-feed-adapter,50000000000000000007,medium-high,78,ui_or_doc_support,supports_module,direct_component_name,Final path component contains 'dde price feed'.,
services/gui-gateway/work_cells/UI_UI_SCREEN_DDE_PRICE_FEED.json,file,work_cell,active_or_unknown,m0007,D1,market-feed-adapter,m0007-d1-market-feed-adapter,50000000000000000007,medium-high,78,ui_or_doc_support,supports_module,direct_component_name,Final path component contains 'dde price feed'.,
tests/legacy/contracts/golden_fixtures/1199900036260118_price_ticks.json,file,test,active_or_unknown,m0007,D1,market-feed-adapter,m0007-d1-market-feed-adapter,50000000000000000007,medium-high,78,contract_or_fixture,shared_support,direct_component_name,Final path component contains 'price tick'.,
context_packets/50000000000000000099/UI_UI_SCREEN_DDE_PRICE_FEED,folder,context_packet_folder,active_or_unknown,m0007,D1,market-feed-adapter,m0007-d1-market-feed-adapter,50000000000000000007,medium-high,78,ui_or_doc_support,supports_module,direct_component_name,Final path component contains 'dde price feed'.,
services/data-ingestor/0099900038260118_.env.template,file,configuration,active_or_unknown,m0007,D1,market-feed-adapter,m0007-d1-market-feed-adapter,50000000000000000007,medium-high,74,legacy_container_member,candidate_owned,container_membership,File is under legacy container 'services/data-ingestor'.,Generic child names require content validation.
services/data-ingestor/0299900018260118_requirements.txt,file,documentation,active_or_unknown,m0007,D1,market-feed-adapter,m0007-d1-market-feed-adapter,50000000000000000007,medium-high,74,legacy_container_member,candidate_owned,container_membership,File is under legacy container 'services/data-ingestor'.,Generic child names require content validation.
services/data-ingestor/src/2099900109260118_config.py,file,implementation_source,active_or_unknown,m0007,D1,market-feed-adapter,m0007-d1-market-feed-adapter,50000000000000000007,medium-high,74,legacy_container_member,candidate_owned,container_membership,File is under legacy container 'services/data-ingestor'.,Generic child names require content validation.
services/data-ingestor/src/2099900110260118_health.py,file,implementation_source,active_or_unknown,m0007,D1,market-feed-adapter,m0007-d1-market-feed-adapter,50000000000000000007,medium-high,74,legacy_container_member,candidate_owned,container_membership,File is under legacy container 'services/data-ingestor'.,Generic child names require content validation.
services/data-ingestor/src/2099900111260118_ingestor.py,file,implementation_source,active_or_unknown,m0007,D1,market-feed-adapter,m0007-d1-market-feed-adapter,50000000000000000007,medium-high,74,legacy_container_member,candidate_owned,container_membership,File is under legacy container 'services/data-ingestor'.,Generic child names require content validation.
services/data-ingestor/src/2099900112260118_main.py,file,implementation_source,active_or_unknown,m0007,D1,market-feed-adapter,m0007-d1-market-feed-adapter,50000000000000000007,medium-high,74,legacy_container_member,candidate_owned,container_membership,File is under legacy container 'services/data-ingestor'.,Generic child names require content validation.
services/data-ingestor/src/2099900113260118_main_enterprise.py,file,implementation_source,active_or_unknown,m0007,D1,market-feed-adapter,m0007-d1-market-feed-adapter,50000000000000000007,medium-high,74,legacy_container_member,candidate_owned,container_membership,File is under legacy container 'services/data-ingestor'.,Generic child names require content validation.
services/data-ingestor/src/2099900114260118_metrics.py,file,implementation_source,active_or_unknown,m0007,D1,market-feed-adapter,m0007-d1-market-feed-adapter,50000000000000000007,medium-high,74,legacy_container_member,candidate_owned,container_membership,File is under legacy container 'services/data-ingestor'.,Generic child names require content validation.
services/data-ingestor/src/2099900115260118_models.py,file,implementation_source,active_or_unknown,m0007,D1,market-feed-adapter,m0007-d1-market-feed-adapter,50000000000000000007,medium-high,74,legacy_container_member,candidate_owned,container_membership,File is under legacy container 'services/data-ingestor'.,Generic child names require content validation.
services/data-ingestor/src/2099900116260118_plugin.py,file,implementation_source,active_or_unknown,m0007,D1,market-feed-adapter,m0007-d1-market-feed-adapter,50000000000000000007,medium-high,74,legacy_container_member,candidate_owned,container_membership,File is under legacy container 'services/data-ingestor'.,Generic child names require content validation.
services/data-ingestor/tests/integration/2099900117260118___init__.py,file,test,active_or_unknown,m0007,D1,market-feed-adapter,m0007-d1-market-feed-adapter,50000000000000000007,medium-high,74,legacy_container_member,candidate_owned,container_membership,File is under legacy container 'services/data-ingestor'.,Generic child names require content validation.
services/data-ingestor/tests/unit/2099900120260118___init__.py,file,test,active_or_unknown,m0007,D1,market-feed-adapter,m0007-d1-market-feed-adapter,50000000000000000007,medium-high,74,legacy_container_member,candidate_owned,container_membership,File is under legacy container 'services/data-ingestor'.,Generic child names require content validation.
services/data_ingestor/__init__.py,file,implementation_source,active_or_unknown,m0007,D1,market-feed-adapter,m0007-d1-market-feed-adapter,50000000000000000007,medium-high,74,legacy_container_member,candidate_owned,container_membership,File is under legacy container 'services/data_ingestor'.,Generic child names require content validation.
services/data_ingestor/src/__init__.py,file,implementation_source,active_or_unknown,m0007,D1,market-feed-adapter,m0007-d1-market-feed-adapter,50000000000000000007,medium-high,74,legacy_container_member,candidate_owned,container_membership,File is under legacy container 'services/data_ingestor'.,Generic child names require content validation.
services/data_ingestor/src/config.py,file,implementation_source,active_or_unknown,m0007,D1,market-feed-adapter,m0007-d1-market-feed-adapter,50000000000000000007,medium-high,74,legacy_container_member,candidate_owned,container_membership,File is under legacy container 'services/data_ingestor'.,Generic child names require content validation.
services/data_ingestor/src/health.py,file,implementation_source,active_or_unknown,m0007,D1,market-feed-adapter,m0007-d1-market-feed-adapter,50000000000000000007,medium-high,74,legacy_container_member,candidate_owned,container_membership,File is under legacy container 'services/data_ingestor'.,Generic child names require content validation.
services/data_ingestor/src/ingestor.py,file,implementation_source,active_or_unknown,m0007,D1,market-feed-adapter,m0007-d1-market-feed-adapter,50000000000000000007,medium-high,74,legacy_container_member,candidate_owned,container_membership,File is under legacy container 'services/data_ingestor'.,Generic child names require content validation.
services/data_ingestor/src/main.py,file,implementation_source,active_or_unknown,m0007,D1,market-feed-adapter,m0007-d1-market-feed-adapter,50000000000000000007,medium-high,74,legacy_container_member,candidate_owned,container_membership,File is under legacy container 'services/data_ingestor'.,Generic child names require content validation.
services/data_ingestor/src/main_enterprise.py,file,implementation_source,active_or_unknown,m0007,D1,market-feed-adapter,m0007-d1-market-feed-adapter,50000000000000000007,medium-high,74,legacy_container_member,candidate_owned,container_membership,File is under legacy container 'services/data_ingestor'.,Generic child names require content validation.
services/data_ingestor/src/metrics.py,file,implementation_source,active_or_unknown,m0007,D1,market-feed-adapter,m0007-d1-market-feed-adapter,50000000000000000007,medium-high,74,legacy_container_member,candidate_owned,container_membership,File is under legacy container 'services/data_ingestor'.,Generic child names require content validation.
services/data_ingestor/src/models.py,file,implementation_source,active_or_unknown,m0007,D1,market-feed-adapter,m0007-d1-market-feed-adapter,50000000000000000007,medium-high,74,legacy_container_member,candidate_owned,container_membership,File is under legacy container 'services/data_ingestor'.,Generic child names require content validation.
services/data_ingestor/src/plugin.py,file,implementation_source,active_or_unknown,m0007,D1,market-feed-adapter,m0007-d1-market-feed-adapter,50000000000000000007,medium-high,74,legacy_container_member,candidate_owned,container_membership,File is under legacy container 'services/data_ingestor'.,Generic child names require content validation.
context_packets/50000000000000000008/C1_BAR_BUILDER__MODULE_CONTEXT_BOUNDARY/work_cell_context.json,file,work_cell,active_or_unknown,m0008,C1,bar-builder,m0008-c1-bar-builder,50000000000000000008,exact,99,module_context_artifact,module_context,stable_id,File is nested under canonical module context-packet ID.,
context_packets/50000000000000000008/ai_readme.md,file,context_readme,active_or_unknown,m0008,C1,bar-builder,m0008-c1-bar-builder,50000000000000000008,exact,99,module_context_artifact,module_context,stable_id,File is nested under canonical module context-packet ID.,
context_packets/50000000000000000008/context_packet.json,file,context_packet,active_or_unknown,m0008,C1,bar-builder,m0008-c1-bar-builder,50000000000000000008,exact,99,module_context_artifact,module_context,stable_id,File is nested under canonical module context-packet ID.,
context_packets/50000000000000000008,folder,context_packet_folder,active_or_unknown,m0008,C1,bar-builder,m0008-c1-bar-builder,50000000000000000008,exact,99,module_context_packet_root,module_context,stable_id,Folder uses the canonical 20-digit module ID.,
context_packets/50000000000000000008/C1_BAR_BUILDER__MODULE_CONTEXT_BOUNDARY,folder,context_packet_folder,active_or_unknown,m0008,C1,bar-builder,m0008-c1-bar-builder,50000000000000000008,exact,99,module_context_subfolder,module_context,stable_id; direct_component_name; locator_plus_canonical_name,Folder is nested under canonical module context-packet ID. | Final path component contains 'c1 bar builder'. | Final path component contains 'bar builder'. | Final path component contains locator C1 and canonical name 'bar builder'.,
context_packets/50000000000000000009/C2_INDICATOR_ENGINE__MODULE_CONTEXT_BOUNDARY/work_cell_context.json,file,work_cell,active_or_unknown,m0009,C2,indicator-engine,m0009-c2-indicator-engine,50000000000000000009,exact,99,module_context_artifact,module_context,stable_id,File is nested under canonical module context-packet ID.,
context_packets/50000000000000000009/ai_readme.md,file,context_readme,active_or_unknown,m0009,C2,indicator-engine,m0009-c2-indicator-engine,50000000000000000009,exact,99,module_context_artifact,module_context,stable_id,File is nested under canonical module context-packet ID.,
context_packets/50000000000000000009/context_packet.json,file,context_packet,active_or_unknown,m0009,C2,indicator-engine,m0009-c2-indicator-engine,50000000000000000009,exact,99,module_context_artifact,module_context,stable_id,File is nested under canonical module context-packet ID.,
context_packets/50000000000000000009,folder,context_packet_folder,active_or_unknown,m0009,C2,indicator-engine,m0009-c2-indicator-engine,50000000000000000009,exact,99,module_context_packet_root,module_context,stable_id,Folder uses the canonical 20-digit module ID.,
context_packets/50000000000000000009/C2_INDICATOR_ENGINE__MODULE_CONTEXT_BOUNDARY,folder,context_packet_folder,active_or_unknown,m0009,C2,indicator-engine,m0009-c2-indicator-engine,50000000000000000009,exact,99,module_context_subfolder,module_context,stable_id; direct_component_name; locator_plus_canonical_name,Folder is nested under canonical module context-packet ID. | Final path component contains 'c2 indicator engine'. | Final path component contains 'indicator engine'. | Final path component contains locator C2 and canonical name 'indicator engine'.,
services/indicator-engine/work_cells/C2_INDICATOR_ENGINE__MODULE_CONTEXT_BOUNDARY.json,file,work_cell,active_or_unknown,m0009,C2,indicator-engine,m0009-c2-indicator-engine,50000000000000000009,exact,97,explicit_name_match,candidate_owned,direct_component_name; locator_plus_canonical_name; container_membership,Final path component contains 'c2 indicator engine'. | Final path component contains 'indicator engine'. | Final path component contains locator C2 and canonical name 'indicator engine'. | File is under legacy container 'services/indicator-engine'.,Generic child names require content validation.
contracts/schemas/json/1199900011260118_indicator_record.schema.json,file,contract_or_schema,active_or_unknown,m0009,C2,indicator-engine,m0009-c2-indicator-engine,50000000000000000009,high,90,shared_contract_or_fixture,shared_support,direct_component_name; indicator_contract,Final path component contains 'indicator record'. | Contract/model/fixture filename names an interface object exchanged with m0009-c2-indicator-engine.,Shared interface relationship; not automatic exclusive ownership.
docs/reference/1110000003260118_indicator_record.schema.json,file,contract_or_schema,active_or_unknown,m0009,C2,indicator-engine,m0009-c2-indicator-engine,50000000000000000009,high,90,shared_contract_or_fixture,shared_support,direct_component_name; indicator_contract,Final path component contains 'indicator record'. | Contract/model/fixture filename names an interface object exchanged with m0009-c2-indicator-engine.,Shared interface relationship; not automatic exclusive ownership.
services/dashboard-backend/src/2099900104260118_advanced_indicators.py,file,implementation_source,active_or_unknown,m0009,C2,indicator-engine,m0009-c2-indicator-engine,50000000000000000009,high,90,implementation_source,candidate_owned,direct_component_name,Final path component contains 'advanced indicators'.,
services/indicator-engine/src/indicators/2099900161260118_advanced_indicators.py,file,implementation_source,active_or_unknown,m0009,C2,indicator-engine,m0009-c2-indicator-engine,50000000000000000009,high,90,implementation_source,candidate_owned,direct_component_name; container_membership,Final path component contains 'advanced indicators'. | File is under legacy container 'services/indicator-engine'.,Generic child names require content validation.
tests/contracts/fixtures/1199900033260118_indicator_record_valid.json,file,test,active_or_unknown,m0009,C2,indicator-engine,m0009-c2-indicator-engine,50000000000000000009,high,90,shared_contract_or_fixture,shared_support,direct_component_name; indicator_contract,Final path component contains 'indicator record'. | Contract/model/fixture filename names an interface object exchanged with m0009-c2-indicator-engine.,Shared interface relationship; not automatic exclusive ownership.
services/indicator-engine,folder,folder,active_or_unknown,m0009,C2,indicator-engine,m0009-c2-indicator-engine,50000000000000000009,high,90,explicit_name_match,candidate_owned,direct_component_name; canonical_name; legacy_container_name,Final path component contains 'indicator engine'. | Final path component contains canonical name 'indicator engine'. | Container name maps to 1 candidate module(s).,Container identity does not determine every child file's ownership.
services/indicator_engine,folder,folder,active_or_unknown,m0009,C2,indicator-engine,m0009-c2-indicator-engine,50000000000000000009,high,90,explicit_name_match,candidate_owned,direct_component_name; canonical_name; legacy_container_name,Final path component contains 'indicator engine'. | Final path component contains canonical name 'indicator engine'. | Container name maps to 1 candidate module(s).,Container identity does not determine every child file's ownership.
docs/reference/1110000004260118_indicator_records_full.json,file,data_or_metadata,active_or_unknown,m0009,C2,indicator-engine,m0009-c2-indicator-engine,50000000000000000009,medium-high,78,contract_or_fixture,shared_support,direct_component_name,Final path component contains 'indicator record'.,
docs/reference/1110000005260118_indicator_records_sample.json,file,data_or_metadata,active_or_unknown,m0009,C2,indicator-engine,m0009-c2-indicator-engine,50000000000000000009,medium-high,78,contract_or_fixture,shared_support,direct_component_name,Final path component contains 'indicator record'.,
services/desktop-ui/indicators/currency_strength/4399900001260118_currency_strength_mockup.html,file,documentation,active_or_unknown,m0009,C2,indicator-engine,m0009-c2-indicator-engine,50000000000000000009,medium-high,78,implementation_or_doc,candidate_owned,direct_component_name,Final path component contains 'currency strength'.,
services/desktop-ui/indicators/currency_strength/DDE + Currency Strength Tab — Brainstorm Spec.md,file,documentation,active_or_unknown,m0009,C2,indicator-engine,m0009-c2-indicator-engine,50000000000000000009,medium-high,78,implementation_or_doc,candidate_owned,direct_component_name,Final path component contains 'currency strength'.,
services/indicator-engine/docs/0199900110260118_currency-strength-report.md,file,documentation,active_or_unknown,m0009,C2,indicator-engine,m0009-c2-indicator-engine,50000000000000000009,medium-high,78,implementation_or_doc,candidate_owned,direct_component_name; container_membership,Final path component contains 'currency strength'. | File is under legacy container 'services/indicator-engine'.,Generic child names require content validation.
services/indicator-engine/docs/4399900002260118_currency_strength_mockup.html,file,documentation,active_or_unknown,m0009,C2,indicator-engine,m0009-c2-indicator-engine,50000000000000000009,medium-high,78,implementation_or_doc,candidate_owned,direct_component_name; container_membership,Final path component contains 'currency strength'. | File is under legacy container 'services/indicator-engine'.,Generic child names require content validation.
services/indicator-engine/docs/DDE + Currency Strength Tab — Brainstorm Spec.md,file,documentation,active_or_unknown,m0009,C2,indicator-engine,m0009-c2-indicator-engine,50000000000000000009,medium-high,78,implementation_or_doc,candidate_owned,direct_component_name; container_membership,Final path component contains 'currency strength'. | File is under legacy container 'services/indicator-engine'.,Generic child names require content validation.
services/desktop-ui/indicators/currency_strength,folder,folder,active_or_unknown,m0009,C2,indicator-engine,m0009-c2-indicator-engine,50000000000000000009,medium-high,78,implementation_or_doc,candidate_owned,direct_component_name,Final path component contains 'currency strength'.,
services/indicator-engine/src/currency_strength,folder,source_folder,active_or_unknown,m0009,C2,indicator-engine,m0009-c2-indicator-engine,50000000000000000009,medium-high,78,implementation_or_doc,candidate_owned,direct_component_name,Final path component contains 'currency strength'.,
services/indicator-engine/src/2099900159260118_plugin.py,file,implementation_source,active_or_unknown,m0009,C2,indicator-engine,m0009-c2-indicator-engine,50000000000000000009,medium-high,74,legacy_container_member,candidate_owned,container_membership,File is under legacy container 'services/indicator-engine'.,Generic child names require content validation.
services/indicator-engine/src/currency_strength/2099900160260118_strength_calculator.py,file,implementation_source,active_or_unknown,m0009,C2,indicator-engine,m0009-c2-indicator-engine,50000000000000000009,medium-high,74,legacy_container_member,candidate_owned,container_membership,File is under legacy container 'services/indicator-engine'.,Generic child names require content validation.
services/indicator-engine/tests/2099900162260118_test_indicator_plugin.py,file,test,active_or_unknown,m0009,C2,indicator-engine,m0009-c2-indicator-engine,50000000000000000009,medium-high,74,legacy_container_member,candidate_owned,container_membership,File is under legacy container 'services/indicator-engine'.,Generic child names require content validation.
services/indicator_engine/__init__.py,file,implementation_source,active_or_unknown,m0009,C2,indicator-engine,m0009-c2-indicator-engine,50000000000000000009,medium-high,74,legacy_container_member,candidate_owned,container_membership,File is under legacy container 'services/indicator_engine'.,Generic child names require content validation.
services/indicator_engine/src/__init__.py,file,implementation_source,active_or_unknown,m0009,C2,indicator-engine,m0009-c2-indicator-engine,50000000000000000009,medium-high,74,legacy_container_member,candidate_owned,container_membership,File is under legacy container 'services/indicator_engine'.,Generic child names require content validation.
services/indicator_engine/src/plugin.py,file,implementation_source,active_or_unknown,m0009,C2,indicator-engine,m0009-c2-indicator-engine,50000000000000000009,medium-high,74,legacy_container_member,candidate_owned,container_membership,File is under legacy container 'services/indicator_engine'.,Generic child names require content validation.
context_packets/50000000000000000010/C3_FEATURE_PACKAGER__MODULE_CONTEXT_BOUNDARY/work_cell_context.json,file,work_cell,active_or_unknown,m0010,C3,feature-packager,m0010-c3-feature-packager,50000000000000000010,exact,99,module_context_artifact,module_context,stable_id,File is nested under canonical module context-packet ID.,
context_packets/50000000000000000010/ai_readme.md,file,context_readme,active_or_unknown,m0010,C3,feature-packager,m0010-c3-feature-packager,50000000000000000010,exact,99,module_context_artifact,module_context,stable_id,File is nested under canonical module context-packet ID.,
context_packets/50000000000000000010/context_packet.json,file,context_packet,active_or_unknown,m0010,C3,feature-packager,m0010-c3-feature-packager,50000000000000000010,exact,99,module_context_artifact,module_context,stable_id,File is nested under canonical module context-packet ID.,
context_packets/50000000000000000010,folder,context_packet_folder,active_or_unknown,m0010,C3,feature-packager,m0010-c3-feature-packager,50000000000000000010,exact,99,module_context_packet_root,module_context,stable_id,Folder uses the canonical 20-digit module ID.,
context_packets/50000000000000000010/C3_FEATURE_PACKAGER__MODULE_CONTEXT_BOUNDARY,folder,context_packet_folder,active_or_unknown,m0010,C3,feature-packager,m0010-c3-feature-packager,50000000000000000010,exact,99,module_context_subfolder,module_context,stable_id; direct_component_name; locator_plus_canonical_name,Folder is nested under canonical module context-packet ID. | Final path component contains 'c3 feature packager'. | Final path component contains 'feature packager'. | Final path component contains 'feature package'. | Final path component contains locator C3 and canonical name 'feature packager'.,
context_packets/50000000000000000011/EA_SYSTEM_A_SIGNAL_PIPELINE__MQL4_SIGNAL_EXPORT/work_cell_context.json,file,work_cell,active_or_unknown,m0011,S1,signal-engine,m0011-s1-signal-engine,50000000000000000011,exact,99,module_context_artifact,module_context,stable_id,File is nested under canonical module context-packet ID.,
context_packets/50000000000000000011/S1_1_ECO_HIGH_MED_SIGNAL_GENERATOR/work_cell_context.json,file,work_cell,active_or_unknown,m0011,S1,signal-engine,m0011-s1-signal-engine,50000000000000000011,exact,99,module_context_artifact,module_context,stable_id,File is nested under canonical module context-packet ID.,
context_packets/50000000000000000011/S1_2_ANTICIPATION_1H_8H_SIGNAL_GENERATOR/work_cell_context.json,file,work_cell,active_or_unknown,m0011,S1,signal-engine,m0011-s1-signal-engine,50000000000000000011,exact,99,module_context_artifact,module_context,stable_id,File is nested under canonical module context-packet ID.,
context_packets/50000000000000000011/S1_3_EQUITY_OPEN_SIGNAL_GENERATOR/work_cell_context.json,file,work_cell,active_or_unknown,m0011,S1,signal-engine,m0011-s1-signal-engine,50000000000000000011,exact,99,module_context_artifact,module_context,stable_id,File is nested under canonical module context-packet ID.,
context_packets/50000000000000000011/S1_4_ALL_INDICATOR_SIGNAL_GENERATOR/work_cell_context.json,file,work_cell,active_or_unknown,m0011,S1,signal-engine,m0011-s1-signal-engine,50000000000000000011,exact,99,module_context_artifact,module_context,stable_id,File is nested under canonical module context-packet ID.,
context_packets/50000000000000000011/S1_5_CONFIDENCE_SCORING/work_cell_context.json,file,work_cell,active_or_unknown,m0011,S1,signal-engine,m0011-s1-signal-engine,50000000000000000011,exact,99,module_context_artifact,module_context,stable_id,File is nested under canonical module context-packet ID.,
context_packets/50000000000000000011/S1_6_SUPPRESSION_REASON_MAPPING/work_cell_context.json,file,work_cell,active_or_unknown,m0011,S1,signal-engine,m0011-s1-signal-engine,50000000000000000011,exact,99,module_context_artifact,module_context,stable_id,File is nested under canonical module context-packet ID.,
context_packets/50000000000000000011/S1_7_SIGNAL_VALIDATION/work_cell_context.json,file,work_cell,active_or_unknown,m0011,S1,signal-engine,m0011-s1-signal-engine,50000000000000000011,exact,99,module_context_artifact,module_context,stable_id,File is nested under canonical module context-packet ID.,
context_packets/50000000000000000011/ai_readme.md,file,context_readme,active_or_unknown,m0011,S1,signal-engine,m0011-s1-signal-engine,50000000000000000011,exact,99,module_context_artifact,module_context,stable_id,File is nested under canonical module context-packet ID.,
context_packets/50000000000000000011/context_packet.json,file,context_packet,active_or_unknown,m0011,S1,signal-engine,m0011-s1-signal-engine,50000000000000000011,exact,99,module_context_artifact,module_context,stable_id,File is nested under canonical module context-packet ID.,
context_packets/50000000000000000011,folder,context_packet_folder,active_or_unknown,m0011,S1,signal-engine,m0011-s1-signal-engine,50000000000000000011,exact,99,module_context_packet_root,module_context,stable_id,Folder uses the canonical 20-digit module ID.,
context_packets/50000000000000000011/EA_SYSTEM_A_SIGNAL_PIPELINE__MQL4_SIGNAL_EXPORT,folder,context_packet_folder,active_or_unknown,m0011,S1,signal-engine,m0011-s1-signal-engine,50000000000000000011,exact,99,module_context_subfolder,module_context,stable_id; direct_component_name; explicit_work_cell_crosswalk,Folder is nested under canonical module context-packet ID. | Final path component contains 'signal pipeline'. | Legacy work-cell name crosswalks to m0011-s1-signal-engine.,Legacy work-cell locator may differ from final atomic module locator.
context_packets/50000000000000000011/S1_1_ECO_HIGH_MED_SIGNAL_GENERATOR,folder,context_packet_folder,active_or_unknown,m0011,S1,signal-engine,m0011-s1-signal-engine,50000000000000000011,exact,99,module_context_subfolder,module_context,stable_id; direct_component_name,Folder is nested under canonical module context-packet ID. | Final path component contains 'signal generator'.,
context_packets/50000000000000000011/S1_2_ANTICIPATION_1H_8H_SIGNAL_GENERATOR,folder,context_packet_folder,active_or_unknown,m0011,S1,signal-engine,m0011-s1-signal-engine,50000000000000000011,exact,99,module_context_subfolder,module_context,stable_id; direct_component_name,Folder is nested under canonical module context-packet ID. | Final path component contains 'signal generator'.,
context_packets/50000000000000000011/S1_3_EQUITY_OPEN_SIGNAL_GENERATOR,folder,context_packet_folder,active_or_unknown,m0011,S1,signal-engine,m0011-s1-signal-engine,50000000000000000011,exact,99,module_context_subfolder,module_context,stable_id; direct_component_name,Folder is nested under canonical module context-packet ID. | Final path component contains 'signal generator'.,
context_packets/50000000000000000011/S1_4_ALL_INDICATOR_SIGNAL_GENERATOR,folder,context_packet_folder,active_or_unknown,m0011,S1,signal-engine,m0011-s1-signal-engine,50000000000000000011,exact,99,module_context_subfolder,module_context,stable_id; direct_component_name,Folder is nested under canonical module context-packet ID. | Final path component contains 'signal generator'.,
context_packets/50000000000000000011/S1_5_CONFIDENCE_SCORING,folder,context_packet_folder,active_or_unknown,m0011,S1,signal-engine,m0011-s1-signal-engine,50000000000000000011,exact,99,module_context_subfolder,module_context,stable_id; direct_component_name,Folder is nested under canonical module context-packet ID. | Final path component contains 'confidence scoring'.,
context_packets/50000000000000000011/S1_6_SUPPRESSION_REASON_MAPPING,folder,context_packet_folder,active_or_unknown,m0011,S1,signal-engine,m0011-s1-signal-engine,50000000000000000011,exact,99,module_context_subfolder,module_context,stable_id,Folder is nested under canonical module context-packet ID.,
context_packets/50000000000000000011/S1_7_SIGNAL_VALIDATION,folder,context_packet_folder,active_or_unknown,m0011,S1,signal-engine,m0011-s1-signal-engine,50000000000000000011,exact,99,module_context_subfolder,module_context,stable_id; direct_component_name,Folder is nested under canonical module context-packet ID. | Final path component contains 'signal validation'.,
contracts/events/1199900009260118_Signal@1.0.json,file,contract_or_schema,active_or_unknown,m0011,S1,signal-engine,m0011-s1-signal-engine,50000000000000000011,high,90,shared_contract_or_fixture,shared_support,signal_contract,Contract/model/fixture filename names an interface object exchanged with m0011-s1-signal-engine.,Shared interface relationship; not automatic exclusive ownership.
contracts/schemas/csv/0199900027260118_active_calendar_signals.csv.md,file,contract_or_schema,active_or_unknown,m0011,S1,signal-engine,m0011-s1-signal-engine,50000000000000000011,high,90,shared_contract_or_fixture,shared_support,signal_contract,Contract/model/fixture filename names an interface object exchanged with m0011-s1-signal-engine.,Shared interface relationship; not automatic exclusive ownership.
services/signal-generator/tests/2099900186260118_test_signal_generator_plugin.py,file,test,active_or_unknown,m0011,S1,signal-engine,m0011-s1-signal-engine,50000000000000000011,high,90,implementation_or_test,candidate_owned,direct_component_name; container_membership,Final path component contains 'signal generator'. | File is under legacy container 'services/signal-generator'.,Generic child names require content validation.
src/contracts/models/Signal.py,file,implementation_source,active_or_unknown,m0011,S1,signal-engine,m0011-s1-signal-engine,50000000000000000011,high,90,shared_contract_or_fixture,shared_support,signal_contract,Contract/model/fixture filename names an interface object exchanged with m0011-s1-signal-engine.,Shared interface relationship; not automatic exclusive ownership.
tests/contracts/consumer/2099900229260118_test_signal_generator_contracts.py,file,test,active_or_unknown,m0011,S1,signal-engine,m0011-s1-signal-engine,50000000000000000011,high,90,implementation_or_test,candidate_owned,direct_component_name; signal_contract,Final path component contains 'signal generator'. | Contract/model/fixture filename names an interface object exchanged with m0011-s1-signal-engine.,Shared interface relationship; not automatic exclusive ownership.
tests/contracts/fixtures/1099900002260118_active_calendar_signals_valid.csv,file,test,active_or_unknown,m0011,S1,signal-engine,m0011-s1-signal-engine,50000000000000000011,high,90,shared_contract_or_fixture,shared_support,signal_contract,Contract/model/fixture filename names an interface object exchanged with m0011-s1-signal-engine.,Shared interface relationship; not automatic exclusive ownership.
services/signal-generator,folder,folder,active_or_unknown,m0011,S1,signal-engine,m0011-s1-signal-engine,50000000000000000011,high,90,implementation_or_test,candidate_owned,direct_component_name; legacy_container_name,Final path component contains 'signal generator'. | Container name maps to 1 candidate module(s).,Container identity does not determine every child file's ownership.
services/signal_generator,folder,folder,active_or_unknown,m0011,S1,signal-engine,m0011-s1-signal-engine,50000000000000000011,high,90,implementation_or_test,candidate_owned,direct_component_name; legacy_container_name,Final path component contains 'signal generator'. | Container name maps to 1 candidate module(s).,Container identity does not determine every child file's ownership.
EAFIX_auth_docs/06_strategy_signal_risk_reentry_oms/0110000074260118_06_signal_model_mapping.md,file,documentation,active_or_unknown,m0011,S1,signal-engine,m0011-s1-signal-engine,50000000000000000011,medium-high,78,documentation_or_contract,supports_module,direct_component_name; documentation_domain_folder,Final path component contains 'signal model'. | Document is within a broad domain folder spanning 10 modules.,"Use content sections, not folder alone, to assign module ownership."
services/signal-generator/src/2099900185260118_config.py,file,implementation_source,active_or_unknown,m0011,S1,signal-engine,m0011-s1-signal-engine,50000000000000000011,medium-high,74,legacy_container_member,candidate_owned,container_membership,File is under legacy container 'services/signal-generator'.,Generic child names require content validation.
services/signal-generator/src/2099900186260118_processor.py,file,implementation_source,active_or_unknown,m0011,S1,signal-engine,m0011-s1-signal-engine,50000000000000000011,medium-high,74,legacy_container_member,candidate_owned,container_membership,File is under legacy container 'services/signal-generator'.,Generic child names require content validation.
services/signal-generator/src/2099900187260118_plugin.py,file,implementation_source,active_or_unknown,m0011,S1,signal-engine,m0011-s1-signal-engine,50000000000000000011,medium-high,74,legacy_container_member,candidate_owned,container_membership,File is under legacy container 'services/signal-generator'.,Generic child names require content validation.
services/signal_generator/__init__.py,file,implementation_source,active_or_unknown,m0011,S1,signal-engine,m0011-s1-signal-engine,50000000000000000011,medium-high,74,legacy_container_member,candidate_owned,container_membership,File is under legacy container 'services/signal_generator'.,Generic child names require content validation.
services/signal_generator/src/__init__.py,file,implementation_source,active_or_unknown,m0011,S1,signal-engine,m0011-s1-signal-engine,50000000000000000011,medium-high,74,legacy_container_member,candidate_owned,container_membership,File is under legacy container 'services/signal_generator'.,Generic child names require content validation.
services/signal_generator/src/config.py,file,implementation_source,active_or_unknown,m0011,S1,signal-engine,m0011-s1-signal-engine,50000000000000000011,medium-high,74,legacy_container_member,candidate_owned,container_membership,File is under legacy container 'services/signal_generator'.,Generic child names require content validation.
services/signal_generator/src/plugin.py,file,implementation_source,active_or_unknown,m0011,S1,signal-engine,m0011-s1-signal-engine,50000000000000000011,medium-high,74,legacy_container_member,candidate_owned,container_membership,File is under legacy container 'services/signal_generator'.,Generic child names require content validation.
services/signal_generator/src/processor.py,file,implementation_source,active_or_unknown,m0011,S1,signal-engine,m0011-s1-signal-engine,50000000000000000011,medium-high,74,legacy_container_member,candidate_owned,container_membership,File is under legacy container 'services/signal_generator'.,Generic child names require content validation.
context_packets/50000000000000000012/S2_INTENT_BUILDER__MODULE_CONTEXT_BOUNDARY/work_cell_context.json,file,work_cell,active_or_unknown,m0012,S2,intent-builder,m0012-s2-intent-builder,50000000000000000012,exact,99,module_context_artifact,module_context,stable_id,File is nested under canonical module context-packet ID.,
context_packets/50000000000000000012/ai_readme.md,file,context_readme,active_or_unknown,m0012,S2,intent-builder,m0012-s2-intent-builder,50000000000000000012,exact,99,module_context_artifact,module_context,stable_id,File is nested under canonical module context-packet ID.,
context_packets/50000000000000000012/context_packet.json,file,context_packet,active_or_unknown,m0012,S2,intent-builder,m0012-s2-intent-builder,50000000000000000012,exact,99,module_context_artifact,module_context,stable_id,File is nested under canonical module context-packet ID.,
context_packets/50000000000000000012,folder,context_packet_folder,active_or_unknown,m0012,S2,intent-builder,m0012-s2-intent-builder,50000000000000000012,exact,99,module_context_packet_root,module_context,stable_id,Folder uses the canonical 20-digit module ID.,
context_packets/50000000000000000012/S2_INTENT_BUILDER__MODULE_CONTEXT_BOUNDARY,folder,context_packet_folder,active_or_unknown,m0012,S2,intent-builder,m0012-s2-intent-builder,50000000000000000012,exact,99,module_context_subfolder,module_context,stable_id; direct_component_name; locator_plus_canonical_name,Folder is nested under canonical module context-packet ID. | Final path component contains 's2 intent builder'. | Final path component contains 'intent builder'. | Final path component contains locator S2 and canonical name 'intent builder'.,
services/reentry-engine/work_cells/E4_REENTRY_INTENT_BUILDER__CHAIN_LIMITS_AND_SUPPRESSION.json,file,work_cell,active_or_unknown,m0012,S2,intent-builder,m0012-s2-intent-builder,50000000000000000012,high,90,explicit_name_match,candidate_owned,direct_component_name; canonical_name,Final path component contains 'intent builder'. | Final path component contains canonical name 'intent builder'.,
context_packets/50000000000000000024/E4_REENTRY_INTENT_BUILDER__CHAIN_LIMITS_AND_SUPPRESSION,folder,context_packet_folder,active_or_unknown,m0012,S2,intent-builder,m0012-s2-intent-builder,50000000000000000012,high,90,explicit_name_match,candidate_owned,direct_component_name; canonical_name,Final path component contains 'intent builder'. | Final path component contains canonical name 'intent builder'.,
m0024-e4-reentry-intent-builder,folder,canonical_module_root,active_or_unknown,m0012,S2,intent-builder,m0012-s2-intent-builder,50000000000000000012,high,90,explicit_name_match,candidate_owned,direct_component_name; canonical_name,Final path component contains 'intent builder'. | Final path component contains canonical name 'intent builder'.,
m0024-e4-reentry-intent-builder/m0024-src/e4_reentry_intent_builder,folder,folder,active_or_unknown,m0012,S2,intent-builder,m0012-s2-intent-builder,50000000000000000012,high,90,explicit_name_match,candidate_owned,direct_component_name; canonical_name,Final path component contains 'intent builder'. | Final path component contains canonical name 'intent builder'.,
context_packets/50000000000000000013/R1_1_POSITION_LIMIT_CHECKS/work_cell_context.json,file,work_cell,active_or_unknown,m0013,R1,risk-evaluator,m0013-r1-risk-evaluator,50000000000000000013,exact,99,module_context_artifact,module_context,stable_id,File is nested under canonical module context-packet ID.,
context_packets/50000000000000000013/R1_2_PORTFOLIO_EXPOSURE_CHECKS/work_cell_context.json,file,work_cell,active_or_unknown,m0013,R1,risk-evaluator,m0013-r1-risk-evaluator,50000000000000000013,exact,99,module_context_artifact,module_context,stable_id,File is nested under canonical module context-packet ID.,
context_packets/50000000000000000013/R1_3_MARGIN_FREE_MARGIN_CHECKS/work_cell_context.json,file,work_cell,active_or_unknown,m0013,R1,risk-evaluator,m0013-r1-risk-evaluator,50000000000000000013,exact,99,module_context_artifact,module_context,stable_id,File is nested under canonical module context-packet ID.,
context_packets/50000000000000000013/R1_4_CORRELATION_GUARDS/work_cell_context.json,file,work_cell,active_or_unknown,m0013,R1,risk-evaluator,m0013-r1-risk-evaluator,50000000000000000013,exact,99,module_context_artifact,module_context,stable_id,File is nested under canonical module context-packet ID.,
context_packets/50000000000000000013/R1_5_SPREAD_SLIPPAGE_GUARDS/work_cell_context.json,file,work_cell,active_or_unknown,m0013,R1,risk-evaluator,m0013-r1-risk-evaluator,50000000000000000013,exact,99,module_context_artifact,module_context,stable_id,File is nested under canonical module context-packet ID.,
context_packets/50000000000000000013/R1_6_CIRCUIT_BREAKERS/work_cell_context.json,file,work_cell,active_or_unknown,m0013,R1,risk-evaluator,m0013-r1-risk-evaluator,50000000000000000013,exact,99,module_context_artifact,module_context,stable_id,File is nested under canonical module context-packet ID.,
context_packets/50000000000000000013/R1_7_IDEMPOTENCY_DUPLICATE_ORDER_PREVENTION/work_cell_context.json,file,work_cell,active_or_unknown,m0013,R1,risk-evaluator,m0013-r1-risk-evaluator,50000000000000000013,exact,99,module_context_artifact,module_context,stable_id,File is nested under canonical module context-packet ID.,
context_packets/50000000000000000013/R1_8_DETERMINISTIC_SIZING_ENGINE/work_cell_context.json,file,work_cell,active_or_unknown,m0013,R1,risk-evaluator,m0013-r1-risk-evaluator,50000000000000000013,exact,99,module_context_artifact,module_context,stable_id,File is nested under canonical module context-packet ID.,
context_packets/50000000000000000013/R1_9_RISK_DECISION_ASSEMBLER/work_cell_context.json,file,work_cell,active_or_unknown,m0013,R1,risk-evaluator,m0013-r1-risk-evaluator,50000000000000000013,exact,99,module_context_artifact,module_context,stable_id,File is nested under canonical module context-packet ID.,
context_packets/50000000000000000013/ai_readme.md,file,context_readme,active_or_unknown,m0013,R1,risk-evaluator,m0013-r1-risk-evaluator,50000000000000000013,exact,99,module_context_artifact,module_context,stable_id,File is nested under canonical module context-packet ID.,
context_packets/50000000000000000013/context_packet.json,file,context_packet,active_or_unknown,m0013,R1,risk-evaluator,m0013-r1-risk-evaluator,50000000000000000013,exact,99,module_context_artifact,module_context,stable_id,File is nested under canonical module context-packet ID.,
context_packets/50000000000000000013,folder,context_packet_folder,active_or_unknown,m0013,R1,risk-evaluator,m0013-r1-risk-evaluator,50000000000000000013,exact,99,module_context_packet_root,module_context,stable_id,Folder uses the canonical 20-digit module ID.,
context_packets/50000000000000000013/R1_1_POSITION_LIMIT_CHECKS,folder,context_packet_folder,active_or_unknown,m0013,R1,risk-evaluator,m0013-r1-risk-evaluator,50000000000000000013,exact,99,module_context_subfolder,module_context,stable_id; direct_component_name; explicit_work_cell_crosswalk,Folder is nested under canonical module context-packet ID. | Final path component contains 'position limit checks'. | Legacy work-cell name crosswalks to m0013-r1-risk-evaluator.,Legacy work-cell locator may differ from final atomic module locator.
context_packets/50000000000000000013/R1_2_PORTFOLIO_EXPOSURE_CHECKS,folder,context_packet_folder,active_or_unknown,m0013,R1,risk-evaluator,m0013-r1-risk-evaluator,50000000000000000013,exact,99,module_context_subfolder,module_context,stable_id; direct_component_name; explicit_work_cell_crosswalk,Folder is nested under canonical module context-packet ID. | Final path component contains 'portfolio exposure checks'. | Legacy work-cell name crosswalks to m0013-r1-risk-evaluator.,Legacy work-cell locator may differ from final atomic module locator.
context_packets/50000000000000000013/R1_3_MARGIN_FREE_MARGIN_CHECKS,folder,context_packet_folder,active_or_unknown,m0013,R1,risk-evaluator,m0013-r1-risk-evaluator,50000000000000000013,exact,99,module_context_subfolder,module_context,stable_id; direct_component_name; explicit_work_cell_crosswalk,Folder is nested under canonical module context-packet ID. | Final path component contains 'margin free margin checks'. | Legacy work-cell name crosswalks to m0013-r1-risk-evaluator.,Legacy work-cell locator may differ from final atomic module locator.
context_packets/50000000000000000013/R1_4_CORRELATION_GUARDS,folder,context_packet_folder,active_or_unknown,m0013,R1,risk-evaluator,m0013-r1-risk-evaluator,50000000000000000013,exact,99,module_context_subfolder,module_context,stable_id; explicit_work_cell_crosswalk,Folder is nested under canonical module context-packet ID. | Legacy work-cell name crosswalks to m0013-r1-risk-evaluator.,Legacy work-cell locator may differ from final atomic module locator.
context_packets/50000000000000000013/R1_5_SPREAD_SLIPPAGE_GUARDS,folder,context_packet_folder,active_or_unknown,m0013,R1,risk-evaluator,m0013-r1-risk-evaluator,50000000000000000013,exact,99,module_context_subfolder,module_context,stable_id; direct_component_name; explicit_work_cell_crosswalk,Folder is nested under canonical module context-packet ID. | Final path component contains 'spread slippage guards'. | Legacy work-cell name crosswalks to m0013-r1-risk-evaluator.,Legacy work-cell locator may differ from final atomic module locator.
context_packets/50000000000000000013/R1_6_CIRCUIT_BREAKERS,folder,context_packet_folder,active_or_unknown,m0013,R1,risk-evaluator,m0013-r1-risk-evaluator,50000000000000000013,exact,99,module_context_subfolder,module_context,stable_id; direct_component_name; explicit_work_cell_crosswalk,Folder is nested under canonical module context-packet ID. | Final path component contains 'circuit breakers'. | Legacy work-cell name crosswalks to m0013-r1-risk-evaluator.,Legacy work-cell locator may differ from final atomic module locator.
context_packets/50000000000000000013/R1_7_IDEMPOTENCY_DUPLICATE_ORDER_PREVENTION,folder,context_packet_folder,active_or_unknown,m0013,R1,risk-evaluator,m0013-r1-risk-evaluator,50000000000000000013,exact,99,module_context_subfolder,module_context,stable_id; explicit_work_cell_crosswalk,Folder is nested under canonical module context-packet ID. | Legacy work-cell name crosswalks to m0013-r1-risk-evaluator.,Legacy work-cell locator may differ from final atomic module locator.
context_packets/50000000000000000013/R1_8_DETERMINISTIC_SIZING_ENGINE,folder,context_packet_folder,active_or_unknown,m0013,R1,risk-evaluator,m0013-r1-risk-evaluator,50000000000000000013,exact,99,module_context_subfolder,module_context,stable_id; direct_component_name; explicit_work_cell_crosswalk,Folder is nested under canonical module context-packet ID. | Final path component contains 'deterministic sizing engine'. | Legacy work-cell name crosswalks to m0013-r1-risk-evaluator.,Legacy work-cell locator may differ from final atomic module locator.
context_packets/50000000000000000013/R1_9_RISK_DECISION_ASSEMBLER,folder,context_packet_folder,active_or_unknown,m0013,R1,risk-evaluator,m0013-r1-risk-evaluator,50000000000000000013,exact,99,module_context_subfolder,module_context,stable_id; direct_component_name; explicit_work_cell_crosswalk,Folder is nested under canonical module context-packet ID. | Final path component contains 'risk decision assembler'. | Legacy work-cell name crosswalks to m0013-r1-risk-evaluator.,Legacy work-cell locator may differ from final atomic module locator.
services/risk-manager/tests/2099900184260118_test_risk_manager_plugin.py,file,test,active_or_unknown,m0013,R1,risk-evaluator,m0013-r1-risk-evaluator,50000000000000000013,high,90,legacy_container,candidate_owned,direct_component_name; container_membership,Final path component contains 'risk manager'. | File is under legacy container 'services/risk-manager'.,Generic child names require content validation.
services/risk-manager/work_cells/R1_1_POSITION_LIMIT_CHECKS.json,file,work_cell,active_or_unknown,m0013,R1,risk-evaluator,m0013-r1-risk-evaluator,50000000000000000013,high,90,work_cell,candidate_owned,direct_component_name; container_membership; explicit_work_cell_crosswalk,Final path component contains 'position limit checks'. | File is under legacy container 'services/risk-manager'. | Legacy work-cell name crosswalks to m0013-r1-risk-evaluator.,Generic child names require content validation.; Legacy work-cell locator may differ from final atomic module locator.
services/risk-manager/work_cells/R1_2_PORTFOLIO_EXPOSURE_CHECKS.json,file,work_cell,active_or_unknown,m0013,R1,risk-evaluator,m0013-r1-risk-evaluator,50000000000000000013,high,90,work_cell,candidate_owned,direct_component_name; container_membership; explicit_work_cell_crosswalk,Final path component contains 'portfolio exposure checks'. | File is under legacy container 'services/risk-manager'. | Legacy work-cell name crosswalks to m0013-r1-risk-evaluator.,Generic child names require content validation.; Legacy work-cell locator may differ from final atomic module locator.
services/risk-manager/work_cells/R1_3_MARGIN_FREE_MARGIN_CHECKS.json,file,work_cell,active_or_unknown,m0013,R1,risk-evaluator,m0013-r1-risk-evaluator,50000000000000000013,high,90,work_cell,candidate_owned,direct_component_name; container_membership; explicit_work_cell_crosswalk,Final path component contains 'margin free margin checks'. | File is under legacy container 'services/risk-manager'. | Legacy work-cell name crosswalks to m0013-r1-risk-evaluator.,Generic child names require content validation.; Legacy work-cell locator may differ from final atomic module locator.
services/risk-manager/work_cells/R1_5_SPREAD_SLIPPAGE_GUARDS.json,file,work_cell,active_or_unknown,m0013,R1,risk-evaluator,m0013-r1-risk-evaluator,50000000000000000013,high,90,work_cell,candidate_owned,direct_component_name; container_membership; explicit_work_cell_crosswalk,Final path component contains 'spread slippage guards'. | File is under legacy container 'services/risk-manager'. | Legacy work-cell name crosswalks to m0013-r1-risk-evaluator.,Generic child names require content validation.; Legacy work-cell locator may differ from final atomic module locator.
services/risk-manager/work_cells/R1_6_CIRCUIT_BREAKERS.json,file,work_cell,active_or_unknown,m0013,R1,risk-evaluator,m0013-r1-risk-evaluator,50000000000000000013,high,90,work_cell,candidate_owned,direct_component_name; container_membership; explicit_work_cell_crosswalk,Final path component contains 'circuit breakers'. | File is under legacy container 'services/risk-manager'. | Legacy work-cell name crosswalks to m0013-r1-risk-evaluator.,Generic child names require content validation.; Legacy work-cell locator may differ from final atomic module locator.
services/risk-manager/work_cells/R1_8_DETERMINISTIC_SIZING_ENGINE.json,file,work_cell,active_or_unknown,m0013,R1,risk-evaluator,m0013-r1-risk-evaluator,50000000000000000013,high,90,work_cell,candidate_owned,direct_component_name; container_membership; explicit_work_cell_crosswalk,Final path component contains 'deterministic sizing engine'. | File is under legacy container 'services/risk-manager'. | Legacy work-cell name crosswalks to m0013-r1-risk-evaluator.,Generic child names require content validation.; Legacy work-cell locator may differ from final atomic module locator.
services/risk-manager/work_cells/R1_9_RISK_DECISION_ASSEMBLER.json,file,work_cell,active_or_unknown,m0013,R1,risk-evaluator,m0013-r1-risk-evaluator,50000000000000000013,high,90,work_cell,candidate_owned,direct_component_name; container_membership; explicit_work_cell_crosswalk,Final path component contains 'risk decision assembler'. | File is under legacy container 'services/risk-manager'. | Legacy work-cell name crosswalks to m0013-r1-risk-evaluator.,Generic child names require content validation.; Legacy work-cell locator may differ from final atomic module locator.
tests/contracts/provider/2099900232260118_test_risk_manager_provider.py,file,test,active_or_unknown,m0013,R1,risk-evaluator,m0013-r1-risk-evaluator,50000000000000000013,high,90,legacy_container,candidate_owned,direct_component_name,Final path component contains 'risk manager'.,
services/risk-manager,folder,folder,active_or_unknown,m0013,R1,risk-evaluator,m0013-r1-risk-evaluator,50000000000000000013,high,90,legacy_container,candidate_owned,direct_component_name; legacy_container_name,Final path component contains 'risk manager'. | Container name maps to 3 candidate module(s).,Container identity does not determine every child file's ownership.
services/risk_manager,folder,folder,active_or_unknown,m0013,R1,risk-evaluator,m0013-r1-risk-evaluator,50000000000000000013,high,90,legacy_container,candidate_owned,direct_component_name; legacy_container_name,Final path component contains 'risk manager'. | Container name maps to 3 candidate module(s).,Container identity does not determine every child file's ownership.
context_packets/50000000000000000014/R2_ORDER_INTENT_COMPILER__MODULE_CONTEXT_BOUNDARY/work_cell_context.json,file,work_cell,active_or_unknown,m0014,R2,order-intent-compiler,m0014-r2-order-intent-compiler,50000000000000000014,exact,99,module_context_artifact,module_context,stable_id,File is nested under canonical module context-packet ID.,
context_packets/50000000000000000014/ai_readme.md,file,context_readme,active_or_unknown,m0014,R2,order-intent-compiler,m0014-r2-order-intent-compiler,50000000000000000014,exact,99,module_context_artifact,module_context,stable_id,File is nested under canonical module context-packet ID.,
context_packets/50000000000000000014/context_packet.json,file,context_packet,active_or_unknown,m0014,R2,order-intent-compiler,m0014-r2-order-intent-compiler,50000000000000000014,exact,99,module_context_artifact,module_context,stable_id,File is nested under canonical module context-packet ID.,
context_packets/50000000000000000014,folder,context_packet_folder,active_or_unknown,m0014,R2,order-intent-compiler,m0014-r2-order-intent-compiler,50000000000000000014,exact,99,module_context_packet_root,module_context,stable_id,Folder uses the canonical 20-digit module ID.,
context_packets/50000000000000000014/R2_ORDER_INTENT_COMPILER__MODULE_CONTEXT_BOUNDARY,folder,context_packet_folder,active_or_unknown,m0014,R2,order-intent-compiler,m0014-r2-order-intent-compiler,50000000000000000014,exact,99,module_context_subfolder,module_context,stable_id; direct_component_name; locator_plus_canonical_name,Folder is nested under canonical module context-packet ID. | Final path component contains 'r2 order intent compiler'. | Final path component contains 'order intent compiler'. | Final path component contains 'order intent'. | Final path component contains locator R2 and canonical name 'order intent compiler'.,
services/transport-router/work_cells/R2_ORDER_INTENT_COMPILER__MODULE_CONTEXT_BOUNDARY.json,file,work_cell,active_or_unknown,m0014,R2,order-intent-compiler,m0014-r2-order-intent-compiler,50000000000000000014,exact,97,explicit_name_match,candidate_owned,direct_component_name; locator_plus_canonical_name; container_membership,Final path component contains 'r2 order intent compiler'. | Final path component contains 'order intent compiler'. | Final path component contains 'order intent'. | Final path component contains locator R2 and canonical name 'order intent compiler'. | File is under legacy container 'services/transport-router'.,Generic child names require content validation.
contracts/events/1199900006260118_OrderIntent@1.2.json,file,contract_or_schema,active_or_unknown,m0014,R2,order-intent-compiler,m0014-r2-order-intent-compiler,50000000000000000014,high,90,shared_contract_or_fixture,shared_support,direct_component_name; order_intent_contract,Final path component contains 'orderintent'. | Contract/model/fixture filename names an interface object exchanged with m0014-r2-order-intent-compiler.,Shared interface relationship; not automatic exclusive ownership.
contracts/schemas/json/1199900012260118_orders_in.schema.json,file,contract_or_schema,active_or_unknown,m0014,R2,order-intent-compiler,m0014-r2-order-intent-compiler,50000000000000000014,high,90,shared_contract_or_fixture,shared_support,order_intent_contract,Contract/model/fixture filename names an interface object exchanged with m0014-r2-order-intent-compiler.,Shared interface relationship; not automatic exclusive ownership.
src/contracts/models/Orderintent.py,file,implementation_source,active_or_unknown,m0014,R2,order-intent-compiler,m0014-r2-order-intent-compiler,50000000000000000014,high,90,shared_contract_or_fixture,shared_support,direct_component_name; order_intent_contract,Final path component contains 'orderintent'. | Contract/model/fixture filename names an interface object exchanged with m0014-r2-order-intent-compiler.,Shared interface relationship; not automatic exclusive ownership.
tests/contracts/fixtures/1199900034260118_orders_in_valid.json,file,test,active_or_unknown,m0014,R2,order-intent-compiler,m0014-r2-order-intent-compiler,50000000000000000014,high,90,shared_contract_or_fixture,shared_support,order_intent_contract,Contract/model/fixture filename names an interface object exchanged with m0014-r2-order-intent-compiler.,Shared interface relationship; not automatic exclusive ownership.
context_packets/50000000000000000015/O1_ORDER_ROUTER__MODULE_CONTEXT_BOUNDARY/work_cell_context.json,file,work_cell,active_or_unknown,m0015,O1,order-router,m0015-o1-order-router,50000000000000000015,exact,99,module_context_artifact,module_context,stable_id,File is nested under canonical module context-packet ID.,
context_packets/50000000000000000015/ai_readme.md,file,context_readme,active_or_unknown,m0015,O1,order-router,m0015-o1-order-router,50000000000000000015,exact,99,module_context_artifact,module_context,stable_id,File is nested under canonical module context-packet ID.,
context_packets/50000000000000000015/context_packet.json,file,context_packet,active_or_unknown,m0015,O1,order-router,m0015-o1-order-router,50000000000000000015,exact,99,module_context_artifact,module_context,stable_id,File is nested under canonical module context-packet ID.,
context_packets/50000000000000000015,folder,context_packet_folder,active_or_unknown,m0015,O1,order-router,m0015-o1-order-router,50000000000000000015,exact,99,module_context_packet_root,module_context,stable_id,Folder uses the canonical 20-digit module ID.,
context_packets/50000000000000000015/O1_ORDER_ROUTER__MODULE_CONTEXT_BOUNDARY,folder,context_packet_folder,active_or_unknown,m0015,O1,order-router,m0015-o1-order-router,50000000000000000015,exact,99,module_context_subfolder,module_context,stable_id; direct_component_name; locator_plus_canonical_name,Folder is nested under canonical module context-packet ID. | Final path component contains 'o1 order router'. | Final path component contains 'order router'. | Final path component contains locator O1 and canonical name 'order router'.,
services/transport-router/work_cells/O1_ORDER_ROUTER__MODULE_CONTEXT_BOUNDARY.json,file,work_cell,active_or_unknown,m0015,O1,order-router,m0015-o1-order-router,50000000000000000015,exact,97,explicit_name_match,candidate_owned,direct_component_name; locator_plus_canonical_name; container_membership,Final path component contains 'o1 order router'. | Final path component contains 'order router'. | Final path component contains locator O1 and canonical name 'order router'. | File is under legacy container 'services/transport-router'.,Generic child names require content validation.
context_packets/50000000000000000016/B1_MT4_ADAPTER_TRANSPORT__CSV_SOCKET_BRIDGE/work_cell_context.json,file,work_cell,active_or_unknown,m0016,B1,mt4-adapter-transport,m0016-b1-mt4-adapter-transport,50000000000000000016,exact,99,module_context_artifact,module_context,stable_id,File is nested under canonical module context-packet ID.,
context_packets/50000000000000000016/EA_SYSTEM_B_COMMUNICATION_BRIDGES__MQL4_TRANSPORTS/work_cell_context.json,file,work_cell,active_or_unknown,m0016,B1,mt4-adapter-transport,m0016-b1-mt4-adapter-transport,50000000000000000016,exact,99,module_context_artifact,module_context,stable_id,File is nested under canonical module context-packet ID.,
context_packets/50000000000000000016/ai_readme.md,file,context_readme,active_or_unknown,m0016,B1,mt4-adapter-transport,m0016-b1-mt4-adapter-transport,50000000000000000016,exact,99,module_context_artifact,module_context,stable_id,File is nested under canonical module context-packet ID.,
context_packets/50000000000000000016/context_packet.json,file,context_packet,active_or_unknown,m0016,B1,mt4-adapter-transport,m0016-b1-mt4-adapter-transport,50000000000000000016,exact,99,module_context_artifact,module_context,stable_id,File is nested under canonical module context-packet ID.,
context_packets/50000000000000000016,folder,context_packet_folder,active_or_unknown,m0016,B1,mt4-adapter-transport,m0016-b1-mt4-adapter-transport,50000000000000000016,exact,99,module_context_packet_root,module_context,stable_id,Folder uses the canonical 20-digit module ID.,
context_packets/50000000000000000016/B1_MT4_ADAPTER_TRANSPORT__CSV_SOCKET_BRIDGE,folder,context_packet_folder,active_or_unknown,m0016,B1,mt4-adapter-transport,m0016-b1-mt4-adapter-transport,50000000000000000016,exact,99,module_context_subfolder,module_context,stable_id; direct_component_name; locator_plus_canonical_name,Folder is nested under canonical module context-packet ID. | Final path component contains 'b1 mt4 adapter transport'. | Final path component contains 'mt4 adapter transport'. | Final path component contains 'csv socket bridge'. | Final path component contains locator B1 and canonical name 'mt4 adapter transport'.,
context_packets/50000000000000000016/EA_SYSTEM_B_COMMUNICATION_BRIDGES__MQL4_TRANSPORTS,folder,context_packet_folder,active_or_unknown,m0016,B1,mt4-adapter-transport,m0016-b1-mt4-adapter-transport,50000000000000000016,exact,99,module_context_subfolder,module_context,stable_id; direct_component_name; explicit_work_cell_crosswalk,Folder is nested under canonical module context-packet ID. | Final path component contains 'communication bridges'. | Final path component contains 'mql4 transports'. | Legacy work-cell name crosswalks to m0016-b1-mt4-adapter-transport.,Legacy work-cell locator may differ from final atomic module locator.
services/transport-router/work_cells/B1_MT4_ADAPTER_TRANSPORT__CSV_SOCKET_BRIDGE.json,file,work_cell,active_or_unknown,m0016,B1,mt4-adapter-transport,m0016-b1-mt4-adapter-transport,50000000000000000016,exact,97,explicit_name_match,candidate_owned,direct_component_name; locator_plus_canonical_name; container_membership,Final path component contains 'b1 mt4 adapter transport'. | Final path component contains 'mt4 adapter transport'. | Final path component contains 'csv socket bridge'. | Final path component contains locator B1 and canonical name 'mt4 adapter transport'. | File is under legacy container 'services/transport-router'.,Generic child names require content validation.
EAFIX_auth_docs/04_mt4_bridge_and_execution/MT4_Python communication channels.txt,file,documentation,active_or_unknown,m0016,B1,mt4-adapter-transport,m0016-b1-mt4-adapter-transport,50000000000000000016,high,90,documentation,supports_module,direct_component_name; documentation_domain_folder,Final path component contains 'mt4 python communication'. | Document is within a broad domain folder spanning 3 modules.,"Use content sections, not folder alone, to assign module ownership."
services/transport-router/work_cells/EA_SYSTEM_B_COMMUNICATION_BRIDGES__MQL4_TRANSPORTS.json,file,work_cell,active_or_unknown,m0016,B1,mt4-adapter-transport,m0016-b1-mt4-adapter-transport,50000000000000000016,high,90,work_cell_or_doc,candidate_owned,direct_component_name; container_membership; explicit_work_cell_crosswalk,Final path component contains 'communication bridges'. | Final path component contains 'mql4 transports'. | File is under legacy container 'services/transport-router'. | Legacy work-cell name crosswalks to m0016-b1-mt4-adapter-transport.,Generic child names require content validation.; Legacy work-cell locator may differ from final atomic module locator.
EAFIX_auth_docs/09_product_requirements_and_design/0110000076260118_07_transport_bridge_contracts.md,file,documentation,active_or_unknown,m0016,B1,mt4-adapter-transport,m0016-b1-mt4-adapter-transport,50000000000000000016,medium-high,78,contract_or_doc,supports_module,direct_component_name,Final path component contains 'transport bridge'. | Final path component contains 'bridge contracts'.,
docs/bridge_contracts.md,file,documentation,active_or_unknown,m0016,B1,mt4-adapter-transport,m0016-b1-mt4-adapter-transport,50000000000000000016,medium-high,78,documentation,supports_module,direct_component_name,Final path component contains 'bridge contracts'.,
context_packets/50000000000000000017/B2_MT4_EA_EXECUTOR__ORDERSEND_EXECUTION/work_cell_context.json,file,work_cell,active_or_unknown,m0017,B2,mt4-ea-executor,m0017-b2-mt4-ea-executor,50000000000000000017,exact,99,module_context_artifact,module_context,stable_id,File is nested under canonical module context-packet ID.,
context_packets/50000000000000000017/EA_SYSTEM_D_EXECUTION_FEEDBACK__MQL4_ORDER_RESULT/work_cell_context.json,file,work_cell,active_or_unknown,m0017,B2,mt4-ea-executor,m0017-b2-mt4-ea-executor,50000000000000000017,exact,99,module_context_artifact,module_context,stable_id,File is nested under canonical module context-packet ID.,
context_packets/50000000000000000017/ai_readme.md,file,context_readme,active_or_unknown,m0017,B2,mt4-ea-executor,m0017-b2-mt4-ea-executor,50000000000000000017,exact,99,module_context_artifact,module_context,stable_id,File is nested under canonical module context-packet ID.,
context_packets/50000000000000000017/context_packet.json,file,context_packet,active_or_unknown,m0017,B2,mt4-ea-executor,m0017-b2-mt4-ea-executor,50000000000000000017,exact,99,module_context_artifact,module_context,stable_id,File is nested under canonical module context-packet ID.,
context_packets/50000000000000000017,folder,context_packet_folder,active_or_unknown,m0017,B2,mt4-ea-executor,m0017-b2-mt4-ea-executor,50000000000000000017,exact,99,module_context_packet_root,module_context,stable_id,Folder uses the canonical 20-digit module ID.,
context_packets/50000000000000000017/B2_MT4_EA_EXECUTOR__ORDERSEND_EXECUTION,folder,context_packet_folder,active_or_unknown,m0017,B2,mt4-ea-executor,m0017-b2-mt4-ea-executor,50000000000000000017,exact,99,module_context_subfolder,module_context,stable_id; direct_component_name; locator_plus_canonical_name,Folder is nested under canonical module context-packet ID. | Final path component contains 'b2 mt4 ea executor'. | Final path component contains 'mt4 ea executor'. | Final path component contains 'ordersend execution'. | Final path component contains locator B2 and canonical name 'mt4 ea executor'.,
context_packets/50000000000000000017/EA_SYSTEM_D_EXECUTION_FEEDBACK__MQL4_ORDER_RESULT,folder,context_packet_folder,active_or_unknown,m0017,B2,mt4-ea-executor,m0017-b2-mt4-ea-executor,50000000000000000017,exact,99,module_context_subfolder,module_context,stable_id; explicit_work_cell_crosswalk,Folder is nested under canonical module context-packet ID. | Legacy work-cell name crosswalks to m0017-b2-mt4-ea-executor.,Legacy work-cell locator may differ from final atomic module locator.
services/execution-engine/work_cells/B2_MT4_EA_EXECUTOR__ORDERSEND_EXECUTION.json,file,work_cell,active_or_unknown,m0017,B2,mt4-ea-executor,m0017-b2-mt4-ea-executor,50000000000000000017,exact,97,explicit_name_match,candidate_owned,direct_component_name; locator_plus_canonical_name; container_membership,Final path component contains 'b2 mt4 ea executor'. | Final path component contains 'mt4 ea executor'. | Final path component contains 'ordersend execution'. | Final path component contains locator B2 and canonical name 'mt4 ea executor'. | File is under legacy container 'services/execution-engine'.,Generic child names require content validation.
EAFIX_auth_docs/04_mt4_bridge_and_execution/0199900003260118_HUEY_P_EA_ExecutionEngine_8.md,file,documentation,active_or_unknown,m0017,B2,mt4-ea-executor,m0017-b2-mt4-ea-executor,50000000000000000017,high,90,implementation_or_doc,candidate_owned,direct_component_name; documentation_domain_folder,Final path component contains 'huey p ea executionengine'. | Document is within a broad domain folder spanning 3 modules.,"Use content sections, not folder alone, to assign module ownership."
EAFIX_auth_docs/04_mt4_bridge_and_execution/0199900003260118_HUEY_P_EA_ExecutionEngine_8.txt,file,documentation,active_or_unknown,m0017,B2,mt4-ea-executor,m0017-b2-mt4-ea-executor,50000000000000000017,high,90,implementation_or_doc,candidate_owned,direct_component_name; documentation_domain_folder,Final path component contains 'huey p ea executionengine'. | Document is within a broad domain folder spanning 3 modules.,"Use content sections, not folder alone, to assign module ownership."
EAFIX_auth_docs/04_mt4_bridge_and_execution/HUEY_P_EA_ExecutionEngine_8.mql4,file,implementation_source,active_or_unknown,m0017,B2,mt4-ea-executor,m0017-b2-mt4-ea-executor,50000000000000000017,high,90,implementation_or_doc,candidate_owned,direct_component_name; documentation_domain_folder,Final path component contains 'huey p ea executionengine'. | Document is within a broad domain folder spanning 3 modules.,"Use content sections, not folder alone, to assign module ownership."
context_packets/50000000000000000018/B3_EXEC_EVENT_NORMALIZER__BROKER_FEEDBACK/work_cell_context.json,file,work_cell,active_or_unknown,m0018,B3,exec-event-normalizer,m0018-b3-exec-event-normalizer,50000000000000000018,exact,99,module_context_artifact,module_context,stable_id,File is nested under canonical module context-packet ID.,
context_packets/50000000000000000018/ai_readme.md,file,context_readme,active_or_unknown,m0018,B3,exec-event-normalizer,m0018-b3-exec-event-normalizer,50000000000000000018,exact,99,module_context_artifact,module_context,stable_id,File is nested under canonical module context-packet ID.,
context_packets/50000000000000000018/context_packet.json,file,context_packet,active_or_unknown,m0018,B3,exec-event-normalizer,m0018-b3-exec-event-normalizer,50000000000000000018,exact,99,module_context_artifact,module_context,stable_id,File is nested under canonical module context-packet ID.,
context_packets/50000000000000000018,folder,context_packet_folder,active_or_unknown,m0018,B3,exec-event-normalizer,m0018-b3-exec-event-normalizer,50000000000000000018,exact,99,module_context_packet_root,module_context,stable_id,Folder uses the canonical 20-digit module ID.,
context_packets/50000000000000000018/B3_EXEC_EVENT_NORMALIZER__BROKER_FEEDBACK,folder,context_packet_folder,active_or_unknown,m0018,B3,exec-event-normalizer,m0018-b3-exec-event-normalizer,50000000000000000018,exact,99,module_context_subfolder,module_context,stable_id; direct_component_name; locator_plus_canonical_name,Folder is nested under canonical module context-packet ID. | Final path component contains 'b3 exec event normalizer'. | Final path component contains 'exec event normalizer'. | Final path component contains 'broker feedback'. | Final path component contains locator B3 and canonical name 'exec event normalizer'.,
contracts/schemas/csv/0199900030260118_trade_results.csv.md,file,contract_or_schema,active_or_unknown,m0018,B3,exec-event-normalizer,m0018-b3-exec-event-normalizer,50000000000000000018,high,90,shared_contract_or_fixture,shared_support,execution_result_contract,Contract/model/fixture filename names an interface object exchanged with m0018-b3-exec-event-normalizer.,Shared interface relationship; not automatic exclusive ownership.
contracts/schemas/json/1199900013260118_orders_out.schema.json,file,contract_or_schema,active_or_unknown,m0018,B3,exec-event-normalizer,m0018-b3-exec-event-normalizer,50000000000000000018,high,90,shared_contract_or_fixture,shared_support,execution_result_contract,Contract/model/fixture filename names an interface object exchanged with m0018-b3-exec-event-normalizer.,Shared interface relationship; not automatic exclusive ownership.
services/execution-engine/work_cells/EA_SYSTEM_D_EXECUTION_FEEDBACK__MQL4_ORDER_RESULT.json,file,work_cell,active_or_unknown,m0018,B3,exec-event-normalizer,m0018-b3-exec-event-normalizer,50000000000000000018,high,90,work_cell,candidate_owned,direct_component_name; container_membership; explicit_work_cell_crosswalk,Final path component contains 'mql4 order result'. | Final path component contains 'execution feedback'. | File is under legacy container 'services/execution-engine'. | Legacy work-cell name crosswalks to m0018-b3-exec-event-normalizer.,Generic child names require content validation.; Legacy work-cell locator may differ from final atomic module locator.
tests/contracts/fixtures/1199900035260118_orders_out_valid.json,file,test,active_or_unknown,m0018,B3,exec-event-normalizer,m0018-b3-exec-event-normalizer,50000000000000000018,high,90,shared_contract_or_fixture,shared_support,execution_result_contract,Contract/model/fixture filename names an interface object exchanged with m0018-b3-exec-event-normalizer.,Shared interface relationship; not automatic exclusive ownership.
context_packets/50000000000000000017/EA_SYSTEM_D_EXECUTION_FEEDBACK__MQL4_ORDER_RESULT,folder,context_packet_folder,active_or_unknown,m0018,B3,exec-event-normalizer,m0018-b3-exec-event-normalizer,50000000000000000018,high,90,work_cell,candidate_owned,direct_component_name; explicit_work_cell_crosswalk,Final path component contains 'mql4 order result'. | Final path component contains 'execution feedback'. | Legacy work-cell name crosswalks to m0018-b3-exec-event-normalizer.,Legacy work-cell locator may differ from final atomic module locator.
context_packets/50000000000000000019/O2_OMS_STATE_MACHINE__MODULE_CONTEXT_BOUNDARY/work_cell_context.json,file,work_cell,active_or_unknown,m0019,O2,oms-state-machine,m0019-o2-oms-state-machine,50000000000000000019,exact,99,module_context_artifact,module_context,stable_id,File is nested under canonical module context-packet ID.,
context_packets/50000000000000000019/ai_readme.md,file,context_readme,active_or_unknown,m0019,O2,oms-state-machine,m0019-o2-oms-state-machine,50000000000000000019,exact,99,module_context_artifact,module_context,stable_id,File is nested under canonical module context-packet ID.,
context_packets/50000000000000000019/context_packet.json,file,context_packet,active_or_unknown,m0019,O2,oms-state-machine,m0019-o2-oms-state-machine,50000000000000000019,exact,99,module_context_artifact,module_context,stable_id,File is nested under canonical module context-packet ID.,
context_packets/50000000000000000019,folder,context_packet_folder,active_or_unknown,m0019,O2,oms-state-machine,m0019-o2-oms-state-machine,50000000000000000019,exact,99,module_context_packet_root,module_context,stable_id,Folder uses the canonical 20-digit module ID.,
context_packets/50000000000000000019/O2_OMS_STATE_MACHINE__MODULE_CONTEXT_BOUNDARY,folder,context_packet_folder,active_or_unknown,m0019,O2,oms-state-machine,m0019-o2-oms-state-machine,50000000000000000019,exact,99,module_context_subfolder,module_context,stable_id; direct_component_name; locator_plus_canonical_name,Folder is nested under canonical module context-packet ID. | Final path component contains 'o2 oms state machine'. | Final path component contains 'oms state machine'. | Final path component contains 'oms'. | Final path component contains locator O2 and canonical name 'oms state machine'.,
services/execution-engine/src/2099900145260118_oms.py,file,implementation_source,active_or_unknown,m0019,O2,oms-state-machine,m0019-o2-oms-state-machine,50000000000000000019,high,90,implementation_source,likely_owned,direct_component_name; container_membership; explicit_path_crosswalk,Final path component contains 'oms'. | File is under legacy container 'services/execution-engine'. | OMS implementation filename.,Generic child names require content validation.
services/execution_engine/src/oms.py,file,implementation_source,active_or_unknown,m0019,O2,oms-state-machine,m0019-o2-oms-state-machine,50000000000000000019,medium-high,78,implementation_source,candidate_owned,direct_component_name; container_membership,Final path component contains 'oms'. | File is under legacy container 'services/execution_engine'.,Generic child names require content validation.
EAFIX_auth_docs/06_strategy_signal_risk_reentry_oms,folder,documentation_folder,active_or_unknown,m0019,O2,oms-state-machine,m0019-o2-oms-state-machine,50000000000000000019,medium-high,78,implementation_source,candidate_owned,direct_component_name; documentation_domain_folder,Final path component contains 'oms'. | Folder covers a domain spanning 10 modules.,
context_packets/50000000000000000020/O3_TRADE_CLOSE_CLASSIFIER__MODULE_CONTEXT_BOUNDARY/work_cell_context.json,file,work_cell,active_or_unknown,m0020,O3,trade-close-classifier,m0020-o3-trade-close-classifier,50000000000000000020,exact,99,module_context_artifact,module_context,stable_id,File is nested under canonical module context-packet ID.,
context_packets/50000000000000000020/ai_readme.md,file,context_readme,active_or_unknown,m0020,O3,trade-close-classifier,m0020-o3-trade-close-classifier,50000000000000000020,exact,99,module_context_artifact,module_context,stable_id,File is nested under canonical module context-packet ID.,
context_packets/50000000000000000020/context_packet.json,file,context_packet,active_or_unknown,m0020,O3,trade-close-classifier,m0020-o3-trade-close-classifier,50000000000000000020,exact,99,module_context_artifact,module_context,stable_id,File is nested under canonical module context-packet ID.,
context_packets/50000000000000000020,folder,context_packet_folder,active_or_unknown,m0020,O3,trade-close-classifier,m0020-o3-trade-close-classifier,50000000000000000020,exact,99,module_context_packet_root,module_context,stable_id,Folder uses the canonical 20-digit module ID.,
context_packets/50000000000000000020/O3_TRADE_CLOSE_CLASSIFIER__MODULE_CONTEXT_BOUNDARY,folder,context_packet_folder,active_or_unknown,m0020,O3,trade-close-classifier,m0020-o3-trade-close-classifier,50000000000000000020,exact,99,module_context_subfolder,module_context,stable_id; direct_component_name; locator_plus_canonical_name,Folder is nested under canonical module context-packet ID. | Final path component contains 'o3 trade close classifier'. | Final path component contains 'trade close classifier'. | Final path component contains 'close classifier'. | Final path component contains locator O3 and canonical name 'trade close classifier'.,
services/execution-engine/src/2099900146260118_trade_close_classifier.py,file,implementation_source,active_or_unknown,m0020,O3,trade-close-classifier,m0020-o3-trade-close-classifier,50000000000000000020,high,90,implementation_source,candidate_owned,direct_component_name; canonical_name; container_membership; explicit_path_crosswalk,Final path component contains 'trade close classifier'. | Final path component contains 'close classifier'. | Final path component contains canonical name 'trade close classifier'. | File is under legacy container 'services/execution-engine'. | Exact trade-close classifier filename.,Generic child names require content validation.
services/execution_engine/src/trade_close_classifier.py,file,implementation_source,active_or_unknown,m0020,O3,trade-close-classifier,m0020-o3-trade-close-classifier,50000000000000000020,high,90,implementation_source,candidate_owned,direct_component_name; canonical_name; container_membership,Final path component contains 'trade close classifier'. | Final path component contains 'close classifier'. | Final path component contains canonical name 'trade close classifier'. | File is under legacy container 'services/execution_engine'.,Generic child names require content validation.
context_packets/50000000000000000021/E1_OUTCOME_BUCKETIZER__CLOSE_RESULT_CLASSIFICATION/work_cell_context.json,file,work_cell,active_or_unknown,m0021,E1,outcome-bucketizer,m0021-e1-outcome-bucketizer,50000000000000000021,exact,99,module_context_artifact,module_context,stable_id,File is nested under canonical module context-packet ID.,
context_packets/50000000000000000021/ai_readme.md,file,context_readme,active_or_unknown,m0021,E1,outcome-bucketizer,m0021-e1-outcome-bucketizer,50000000000000000021,exact,99,module_context_artifact,module_context,stable_id,File is nested under canonical module context-packet ID.,
context_packets/50000000000000000021/context_packet.json,file,context_packet,active_or_unknown,m0021,E1,outcome-bucketizer,m0021-e1-outcome-bucketizer,50000000000000000021,exact,99,module_context_artifact,module_context,stable_id,File is nested under canonical module context-packet ID.,
context_packets/50000000000000000021,folder,context_packet_folder,active_or_unknown,m0021,E1,outcome-bucketizer,m0021-e1-outcome-bucketizer,50000000000000000021,exact,99,module_context_packet_root,module_context,stable_id,Folder uses the canonical 20-digit module ID.,
context_packets/50000000000000000021/E1_OUTCOME_BUCKETIZER__CLOSE_RESULT_CLASSIFICATION,folder,context_packet_folder,active_or_unknown,m0021,E1,outcome-bucketizer,m0021-e1-outcome-bucketizer,50000000000000000021,exact,99,module_context_subfolder,module_context,stable_id; direct_component_name; locator_plus_canonical_name,Folder is nested under canonical module context-packet ID. | Final path component contains 'e1 outcome bucketizer'. | Final path component contains 'outcome bucketizer'. | Final path component contains 'close result classification'. | Final path component contains 'outcome bucket'. | Final path component contains locator E1 and canonical name 'outcome bucketizer'.,
services/reentry-engine/work_cells/E1_OUTCOME_BUCKETIZER__CLOSE_RESULT_CLASSIFICATION.json,file,work_cell,active_or_unknown,m0021,E1,outcome-bucketizer,m0021-e1-outcome-bucketizer,50000000000000000021,exact,97,explicit_name_match,candidate_owned,direct_component_name; locator_plus_canonical_name; container_membership,Final path component contains 'e1 outcome bucketizer'. | Final path component contains 'outcome bucketizer'. | Final path component contains 'close result classification'. | Final path component contains 'outcome bucket'. | Final path component contains locator E1 and canonical name 'outcome bucketizer'. | File is under legacy container 'services/reentry-engine'.,Generic child names require content validation.
services/execution-engine/src/2099900147260118_outcome_bucketizer.py,file,implementation_source,active_or_unknown,m0021,E1,outcome-bucketizer,m0021-e1-outcome-bucketizer,50000000000000000021,high,90,implementation_source,candidate_owned,direct_component_name; canonical_name; container_membership; explicit_path_crosswalk,Final path component contains 'outcome bucketizer'. | Final path component contains 'outcome bucket'. | Final path component contains canonical name 'outcome bucketizer'. | File is under legacy container 'services/execution-engine'. | Exact outcome-bucketizer filename.,Generic child names require content validation.
services/execution_engine/src/outcome_bucketizer.py,file,implementation_source,active_or_unknown,m0021,E1,outcome-bucketizer,m0021-e1-outcome-bucketizer,50000000000000000021,high,90,implementation_source,candidate_owned,direct_component_name; canonical_name; container_membership,Final path component contains 'outcome bucketizer'. | Final path component contains 'outcome bucket'. | Final path component contains canonical name 'outcome bucketizer'. | File is under legacy container 'services/execution_engine'.,Generic child names require content validation.
context_packets/50000000000000000022/E2_PROXIMITY_EVALUATOR__EVENT_PROXIMITY_BUCKETS/work_cell_context.json,file,work_cell,active_or_unknown,m0022,E2,proximity-evaluator,m0022-e2-proximity-evaluator,50000000000000000022,exact,99,module_context_artifact,module_context,stable_id,File is nested under canonical module context-packet ID.,
context_packets/50000000000000000022/ai_readme.md,file,context_readme,active_or_unknown,m0022,E2,proximity-evaluator,m0022-e2-proximity-evaluator,50000000000000000022,exact,99,module_context_artifact,module_context,stable_id,File is nested under canonical module context-packet ID.,
context_packets/50000000000000000022/context_packet.json,file,context_packet,active_or_unknown,m0022,E2,proximity-evaluator,m0022-e2-proximity-evaluator,50000000000000000022,exact,99,module_context_artifact,module_context,stable_id,File is nested under canonical module context-packet ID.,
context_packets/50000000000000000022,folder,context_packet_folder,active_or_unknown,m0022,E2,proximity-evaluator,m0022-e2-proximity-evaluator,50000000000000000022,exact,99,module_context_packet_root,module_context,stable_id,Folder uses the canonical 20-digit module ID.,
context_packets/50000000000000000022/E2_PROXIMITY_EVALUATOR__EVENT_PROXIMITY_BUCKETS,folder,context_packet_folder,active_or_unknown,m0022,E2,proximity-evaluator,m0022-e2-proximity-evaluator,50000000000000000022,exact,99,module_context_subfolder,module_context,stable_id; direct_component_name; locator_plus_canonical_name,Folder is nested under canonical module context-packet ID. | Final path component contains 'e2 proximity evaluator'. | Final path component contains 'proximity evaluator'. | Final path component contains 'event proximity buckets'. | Final path component contains 'proximity bucket'. | Final path component contains locator E2 and canonical name 'proximity evaluator'.,
services/reentry-engine/work_cells/E2_PROXIMITY_EVALUATOR__EVENT_PROXIMITY_BUCKETS.json,file,work_cell,active_or_unknown,m0022,E2,proximity-evaluator,m0022-e2-proximity-evaluator,50000000000000000022,exact,97,explicit_name_match,candidate_owned,direct_component_name; locator_plus_canonical_name; container_membership,Final path component contains 'e2 proximity evaluator'. | Final path component contains 'proximity evaluator'. | Final path component contains 'event proximity buckets'. | Final path component contains 'proximity bucket'. | Final path component contains locator E2 and canonical name 'proximity evaluator'. | File is under legacy container 'services/reentry-engine'.,Generic child names require content validation.
context_packets/50000000000000000023/E3_MATRIX_LOOKUP__VERSIONED_DECISION_RESOLUTION/work_cell_context.json,file,work_cell,active_or_unknown,m0023,E3,matrix-lookup,m0023-e3-matrix-lookup,50000000000000000023,exact,99,module_context_artifact,module_context,stable_id,File is nested under canonical module context-packet ID.,
context_packets/50000000000000000023/ai_readme.md,file,context_readme,active_or_unknown,m0023,E3,matrix-lookup,m0023-e3-matrix-lookup,50000000000000000023,exact,99,module_context_artifact,module_context,stable_id,File is nested under canonical module context-packet ID.,
context_packets/50000000000000000023/context_packet.json,file,context_packet,active_or_unknown,m0023,E3,matrix-lookup,m0023-e3-matrix-lookup,50000000000000000023,exact,99,module_context_artifact,module_context,stable_id,File is nested under canonical module context-packet ID.,
context_packets/50000000000000000023,folder,context_packet_folder,active_or_unknown,m0023,E3,matrix-lookup,m0023-e3-matrix-lookup,50000000000000000023,exact,99,module_context_packet_root,module_context,stable_id,Folder uses the canonical 20-digit module ID.,
context_packets/50000000000000000023/E3_MATRIX_LOOKUP__VERSIONED_DECISION_RESOLUTION,folder,context_packet_folder,active_or_unknown,m0023,E3,matrix-lookup,m0023-e3-matrix-lookup,50000000000000000023,exact,99,module_context_subfolder,module_context,stable_id; direct_component_name; locator_plus_canonical_name,Folder is nested under canonical module context-packet ID. | Final path component contains 'e3 matrix lookup'. | Final path component contains 'matrix lookup'. | Final path component contains 'versioned decision resolution'. | Final path component contains locator E3 and canonical name 'matrix lookup'.,
services/reentry-matrix-svc/work_cells/E3_MATRIX_LOOKUP__VERSIONED_DECISION_RESOLUTION.json,file,work_cell,active_or_unknown,m0023,E3,matrix-lookup,m0023-e3-matrix-lookup,50000000000000000023,exact,97,explicit_name_match,candidate_owned,direct_component_name; locator_plus_canonical_name; container_membership,Final path component contains 'e3 matrix lookup'. | Final path component contains 'matrix lookup'. | Final path component contains 'versioned decision resolution'. | Final path component contains locator E3 and canonical name 'matrix lookup'. | File is under legacy container 'services/reentry-matrix-svc'.,Generic child names require content validation.
contracts/identifiers/0199900025260118_hybrid_id.md,file,contract_or_schema,active_or_unknown,m0023,E3,matrix-lookup,m0023-e3-matrix-lookup,50000000000000000023,high,90,shared_contract_or_fixture,shared_support,reentry_identity_contract,Contract/model/fixture filename names an interface object exchanged with m0023-e3-matrix-lookup.,Shared interface relationship; not automatic exclusive ownership.
contracts/identifiers/decision_id.md,file,contract_or_schema,active_or_unknown,m0023,E3,matrix-lookup,m0023-e3-matrix-lookup,50000000000000000023,high,90,shared_contract_or_fixture,shared_support,decision_identity_contract,Contract/model/fixture filename names an interface object exchanged with m0023-e3-matrix-lookup.,Shared interface relationship; not automatic exclusive ownership.
contracts/schemas/csv/0199900029260118_reentry_decisions.csv.md,file,contract_or_schema,active_or_unknown,m0023,E3,matrix-lookup,m0023-e3-matrix-lookup,50000000000000000023,high,90,shared_contract_or_fixture,shared_support,reentry_decision_contract,Contract/model/fixture filename names an interface object exchanged with m0023-e3-matrix-lookup.,Shared interface relationship; not automatic exclusive ownership.
contracts/schemas/json/1199900010260118_hybrid_id.schema.json,file,contract_or_schema,active_or_unknown,m0023,E3,matrix-lookup,m0023-e3-matrix-lookup,50000000000000000023,high,90,shared_contract_or_fixture,shared_support,reentry_identity_contract,Contract/model/fixture filename names an interface object exchanged with m0023-e3-matrix-lookup.,Shared interface relationship; not automatic exclusive ownership.
tests/contracts/fixtures/1099900003260118_reentry_decisions_valid.csv,file,test,active_or_unknown,m0023,E3,matrix-lookup,m0023-e3-matrix-lookup,50000000000000000023,high,90,shared_contract_or_fixture,shared_support,reentry_decision_contract,Contract/model/fixture filename names an interface object exchanged with m0023-e3-matrix-lookup.,Shared interface relationship; not automatic exclusive ownership.
tests/contracts/fixtures/1199900032260118_hybrid_id_valid.json,file,test,active_or_unknown,m0023,E3,matrix-lookup,m0023-e3-matrix-lookup,50000000000000000023,high,90,shared_contract_or_fixture,shared_support,reentry_identity_contract,Contract/model/fixture filename names an interface object exchanged with m0023-e3-matrix-lookup.,Shared interface relationship; not automatic exclusive ownership.
tests/contracts/properties/test_hybrid_id_parity.py,file,test,active_or_unknown,m0023,E3,matrix-lookup,m0023-e3-matrix-lookup,50000000000000000023,high,90,shared_contract_or_fixture,shared_support,reentry_identity_contract,Contract/model/fixture filename names an interface object exchanged with m0023-e3-matrix-lookup.,Shared interface relationship; not automatic exclusive ownership.
services/dashboard-backend/work_cells/UI_UI_SCREEN_REENTRY_MATRIX.json,file,work_cell,active_or_unknown,m0023,E3,matrix-lookup,m0023-e3-matrix-lookup,50000000000000000023,medium-high,78,documentation_or_ui_support,supports_module,direct_component_name,Final path component contains 'reentry matrix'.,
services/desktop-ui/work_cells/UI_UI_SCREEN_REENTRY_MATRIX.json,file,work_cell,active_or_unknown,m0023,E3,matrix-lookup,m0023-e3-matrix-lookup,50000000000000000023,medium-high,78,documentation_or_ui_support,supports_module,direct_component_name,Final path component contains 'reentry matrix'.,
services/gui-gateway/work_cells/UI_UI_SCREEN_REENTRY_MATRIX.json,file,work_cell,active_or_unknown,m0023,E3,matrix-lookup,m0023-e3-matrix-lookup,50000000000000000023,medium-high,78,documentation_or_ui_support,supports_module,direct_component_name,Final path component contains 'reentry matrix'.,
services/reentry-matrix-svc/src/2099900178260118_resolver.py,file,implementation_source,active_or_unknown,m0023,E3,matrix-lookup,m0023-e3-matrix-lookup,50000000000000000023,medium-high,78,implementation_source,candidate_owned,container_membership; explicit_path_crosswalk,File is under legacy container 'services/reentry-matrix-svc'. | Resolver inside reentry-matrix service.,Generic child names require content validation.
shared/reentry/1199900031260118_reentry_vocab.json,file,data_or_metadata,active_or_unknown,m0023,E3,matrix-lookup,m0023-e3-matrix-lookup,50000000000000000023,medium-high,78,shared_reentry_support,shared_support,container_membership; shared_reentry_folder,File is under legacy container 'shared/reentry'. | File is in shared/reentry support package.,Generic child names require content validation.
shared/reentry/2099900218260118_hybrid_id.py,file,implementation_source,active_or_unknown,m0023,E3,matrix-lookup,m0023-e3-matrix-lookup,50000000000000000023,medium-high,78,shared_reentry_support,shared_support,container_membership; shared_reentry_folder,File is under legacy container 'shared/reentry'. | File is in shared/reentry support package.,Generic child names require content validation.
shared/reentry/2099900219260118_indicator_validator.py,file,implementation_source,active_or_unknown,m0023,E3,matrix-lookup,m0023-e3-matrix-lookup,50000000000000000023,medium-high,78,shared_reentry_support,shared_support,container_membership; shared_reentry_folder,File is under legacy container 'shared/reentry'. | File is in shared/reentry support package.,Generic child names require content validation.
shared/reentry/2099900220260118_reentry_helpers_cli.py,file,implementation_source,active_or_unknown,m0023,E3,matrix-lookup,m0023-e3-matrix-lookup,50000000000000000023,medium-high,78,shared_reentry_support,shared_support,container_membership; shared_reentry_folder,File is under legacy container 'shared/reentry'. | File is in shared/reentry support package.,Generic child names require content validation.
shared/reentry/2099900221260118_vocab.py,file,implementation_source,active_or_unknown,m0023,E3,matrix-lookup,m0023-e3-matrix-lookup,50000000000000000023,medium-high,78,shared_reentry_support,shared_support,container_membership; shared_reentry_folder,File is under legacy container 'shared/reentry'. | File is in shared/reentry support package.,Generic child names require content validation.
shared/reentry/2099900222260118___init__.py,file,implementation_source,active_or_unknown,m0023,E3,matrix-lookup,m0023-e3-matrix-lookup,50000000000000000023,medium-high,78,shared_reentry_support,shared_support,container_membership; shared_reentry_folder,File is under legacy container 'shared/reentry'. | File is in shared/reentry support package.,Generic child names require content validation.
shared/reentry/__init__.py,file,implementation_source,active_or_unknown,m0023,E3,matrix-lookup,m0023-e3-matrix-lookup,50000000000000000023,medium-high,78,shared_reentry_support,shared_support,container_membership; shared_reentry_folder,File is under legacy container 'shared/reentry'. | File is in shared/reentry support package.,Generic child names require content validation.
shared/reentry/_id_loader.py,file,implementation_source,active_or_unknown,m0023,E3,matrix-lookup,m0023-e3-matrix-lookup,50000000000000000023,medium-high,78,shared_reentry_support,shared_support,container_membership; shared_reentry_folder,File is under legacy container 'shared/reentry'. | File is in shared/reentry support package.,Generic child names require content validation.
shared/reentry/hybrid_id.py,file,implementation_source,active_or_unknown,m0023,E3,matrix-lookup,m0023-e3-matrix-lookup,50000000000000000023,medium-high,78,shared_reentry_support,shared_support,container_membership; shared_reentry_folder,File is under legacy container 'shared/reentry'. | File is in shared/reentry support package.,Generic child names require content validation.
shared/reentry/indicator_validator.py,file,implementation_source,active_or_unknown,m0023,E3,matrix-lookup,m0023-e3-matrix-lookup,50000000000000000023,medium-high,78,shared_reentry_support,shared_support,container_membership; shared_reentry_folder,File is under legacy container 'shared/reentry'. | File is in shared/reentry support package.,Generic child names require content validation.
shared/reentry/vocab.py,file,implementation_source,active_or_unknown,m0023,E3,matrix-lookup,m0023-e3-matrix-lookup,50000000000000000023,medium-high,78,shared_reentry_support,shared_support,container_membership; shared_reentry_folder,File is under legacy container 'shared/reentry'. | File is in shared/reentry support package.,Generic child names require content validation.
context_packets/50000000000000000099/UI_UI_SCREEN_REENTRY_MATRIX,folder,context_packet_folder,active_or_unknown,m0023,E3,matrix-lookup,m0023-e3-matrix-lookup,50000000000000000023,medium-high,78,documentation_or_ui_support,supports_module,direct_component_name,Final path component contains 'reentry matrix'.,
services/reentry-matrix-svc,folder,folder,active_or_unknown,m0023,E3,matrix-lookup,m0023-e3-matrix-lookup,50000000000000000023,medium-high,78,documentation_or_ui_support,supports_module,direct_component_name; legacy_container_name,Final path component contains 'reentry matrix'. | Container name maps to 1 candidate module(s).,Container identity does not determine every child file's ownership.
services/reentry_matrix_svc,folder,folder,active_or_unknown,m0023,E3,matrix-lookup,m0023-e3-matrix-lookup,50000000000000000023,medium-high,78,documentation_or_ui_support,supports_module,direct_component_name; legacy_container_name,Final path component contains 'reentry matrix'. | Container name maps to 1 candidate module(s).,Container identity does not determine every child file's ownership.
services/reentry-matrix-svc/0299900025260118_requirements.txt,file,documentation,active_or_unknown,m0023,E3,matrix-lookup,m0023-e3-matrix-lookup,50000000000000000023,medium-high,74,legacy_container_member,candidate_owned,container_membership,File is under legacy container 'services/reentry-matrix-svc'.,Generic child names require content validation.
services/reentry-matrix-svc/src/2099900172260118_config.py,file,implementation_source,active_or_unknown,m0023,E3,matrix-lookup,m0023-e3-matrix-lookup,50000000000000000023,medium-high,74,legacy_container_member,candidate_owned,container_membership,File is under legacy container 'services/reentry-matrix-svc'.,Generic child names require content validation.
services/reentry-matrix-svc/src/2099900173260118_health.py,file,implementation_source,active_or_unknown,m0023,E3,matrix-lookup,m0023-e3-matrix-lookup,50000000000000000023,medium-high,74,legacy_container_member,candidate_owned,container_membership,File is under legacy container 'services/reentry-matrix-svc'.,Generic child names require content validation.
services/reentry-matrix-svc/src/2099900174260118_main.py,file,implementation_source,active_or_unknown,m0023,E3,matrix-lookup,m0023-e3-matrix-lookup,50000000000000000023,medium-high,74,legacy_container_member,candidate_owned,container_membership,File is under legacy container 'services/reentry-matrix-svc'.,Generic child names require content validation.
services/reentry-matrix-svc/src/2099900175260118_metrics.py,file,implementation_source,active_or_unknown,m0023,E3,matrix-lookup,m0023-e3-matrix-lookup,50000000000000000023,medium-high,74,legacy_container_member,candidate_owned,container_membership,File is under legacy container 'services/reentry-matrix-svc'.,Generic child names require content validation.
services/reentry-matrix-svc/src/2099900176260118_plugin.py,file,implementation_source,active_or_unknown,m0023,E3,matrix-lookup,m0023-e3-matrix-lookup,50000000000000000023,medium-high,74,legacy_container_member,candidate_owned,container_membership,File is under legacy container 'services/reentry-matrix-svc'.,Generic child names require content validation.
services/reentry-matrix-svc/src/2099900177260118_processor.py,file,implementation_source,active_or_unknown,m0023,E3,matrix-lookup,m0023-e3-matrix-lookup,50000000000000000023,medium-high,74,legacy_container_member,candidate_owned,container_membership,File is under legacy container 'services/reentry-matrix-svc'.,Generic child names require content validation.
services/reentry-matrix-svc/src/2099900179260118___init__.py,file,implementation_source,active_or_unknown,m0023,E3,matrix-lookup,m0023-e3-matrix-lookup,50000000000000000023,medium-high,74,legacy_container_member,candidate_owned,container_membership,File is under legacy container 'services/reentry-matrix-svc'.,Generic child names require content validation.
services/reentry-matrix-svc/tests/2099900180260118_test_processor.py,file,test,active_or_unknown,m0023,E3,matrix-lookup,m0023-e3-matrix-lookup,50000000000000000023,medium-high,74,legacy_container_member,candidate_owned,container_membership,File is under legacy container 'services/reentry-matrix-svc'.,Generic child names require content validation.
services/reentry_matrix_svc/__init__.py,file,implementation_source,active_or_unknown,m0023,E3,matrix-lookup,m0023-e3-matrix-lookup,50000000000000000023,medium-high,74,legacy_container_member,candidate_owned,container_membership,File is under legacy container 'services/reentry_matrix_svc'.,Generic child names require content validation.
services/reentry_matrix_svc/src/__init__.py,file,implementation_source,active_or_unknown,m0023,E3,matrix-lookup,m0023-e3-matrix-lookup,50000000000000000023,medium-high,74,legacy_container_member,candidate_owned,container_membership,File is under legacy container 'services/reentry_matrix_svc'.,Generic child names require content validation.
services/reentry_matrix_svc/src/config.py,file,implementation_source,active_or_unknown,m0023,E3,matrix-lookup,m0023-e3-matrix-lookup,50000000000000000023,medium-high,74,legacy_container_member,candidate_owned,container_membership,File is under legacy container 'services/reentry_matrix_svc'.,Generic child names require content validation.
services/reentry_matrix_svc/src/health.py,file,implementation_source,active_or_unknown,m0023,E3,matrix-lookup,m0023-e3-matrix-lookup,50000000000000000023,medium-high,74,legacy_container_member,candidate_owned,container_membership,File is under legacy container 'services/reentry_matrix_svc'.,Generic child names require content validation.
services/reentry_matrix_svc/src/main.py,file,implementation_source,active_or_unknown,m0023,E3,matrix-lookup,m0023-e3-matrix-lookup,50000000000000000023,medium-high,74,legacy_container_member,candidate_owned,container_membership,File is under legacy container 'services/reentry_matrix_svc'.,Generic child names require content validation.
services/reentry_matrix_svc/src/metrics.py,file,implementation_source,active_or_unknown,m0023,E3,matrix-lookup,m0023-e3-matrix-lookup,50000000000000000023,medium-high,74,legacy_container_member,candidate_owned,container_membership,File is under legacy container 'services/reentry_matrix_svc'.,Generic child names require content validation.
services/reentry_matrix_svc/src/plugin.py,file,implementation_source,active_or_unknown,m0023,E3,matrix-lookup,m0023-e3-matrix-lookup,50000000000000000023,medium-high,74,legacy_container_member,candidate_owned,container_membership,File is under legacy container 'services/reentry_matrix_svc'.,Generic child names require content validation.
services/reentry_matrix_svc/src/processor.py,file,implementation_source,active_or_unknown,m0023,E3,matrix-lookup,m0023-e3-matrix-lookup,50000000000000000023,medium-high,74,legacy_container_member,candidate_owned,container_membership,File is under legacy container 'services/reentry_matrix_svc'.,Generic child names require content validation.
services/reentry_matrix_svc/src/resolver.py,file,implementation_source,active_or_unknown,m0023,E3,matrix-lookup,m0023-e3-matrix-lookup,50000000000000000023,medium-high,74,legacy_container_member,candidate_owned,container_membership,File is under legacy container 'services/reentry_matrix_svc'.,Generic child names require content validation.
context_packets/50000000000000000024/E4_REENTRY_INTENT_BUILDER__CHAIN_LIMITS_AND_SUPPRESSION/work_cell_context.json,file,work_cell,active_or_unknown,m0024,E4,reentry-intent-builder,m0024-e4-reentry-intent-builder,50000000000000000024,exact,99,module_context_artifact,module_context,stable_id,File is nested under canonical module context-packet ID.,
context_packets/50000000000000000024/ai_readme.md,file,context_readme,active_or_unknown,m0024,E4,reentry-intent-builder,m0024-e4-reentry-intent-builder,50000000000000000024,exact,99,module_context_artifact,module_context,stable_id,File is nested under canonical module context-packet ID.,
context_packets/50000000000000000024/context_packet.json,file,context_packet,active_or_unknown,m0024,E4,reentry-intent-builder,m0024-e4-reentry-intent-builder,50000000000000000024,exact,99,module_context_artifact,module_context,stable_id,File is nested under canonical module context-packet ID.,
context_packets/50000000000000000024,folder,context_packet_folder,active_or_unknown,m0024,E4,reentry-intent-builder,m0024-e4-reentry-intent-builder,50000000000000000024,exact,99,module_context_packet_root,module_context,stable_id,Folder uses the canonical 20-digit module ID.,
context_packets/50000000000000000024/E4_REENTRY_INTENT_BUILDER__CHAIN_LIMITS_AND_SUPPRESSION,folder,context_packet_folder,active_or_unknown,m0024,E4,reentry-intent-builder,m0024-e4-reentry-intent-builder,50000000000000000024,exact,99,module_context_subfolder,module_context,stable_id; direct_component_name; locator_plus_canonical_name,Folder is nested under canonical module context-packet ID. | Final path component contains 'e4 reentry intent builder'. | Final path component contains 'reentry intent builder'. | Final path component contains 'chain limits and suppression'. | Final path component contains 'reentry intent'. | Final path component contains locator E4 and canonical name 'reentry intent builder'.,
services/reentry-engine/work_cells/E4_REENTRY_INTENT_BUILDER__CHAIN_LIMITS_AND_SUPPRESSION.json,file,work_cell,active_or_unknown,m0024,E4,reentry-intent-builder,m0024-e4-reentry-intent-builder,50000000000000000024,exact,97,explicit_name_match,candidate_owned,direct_component_name; locator_plus_canonical_name; container_membership,Final path component contains 'e4 reentry intent builder'. | Final path component contains 'reentry intent builder'. | Final path component contains 'chain limits and suppression'. | Final path component contains 'reentry intent'. | Final path component contains locator E4 and canonical name 'reentry intent builder'. | File is under legacy container 'services/reentry-engine'.,Generic child names require content validation.
context_packets/50000000000000000025/F1_FLOW_ORCHESTRATOR__MODULE_CONTEXT_BOUNDARY/work_cell_context.json,file,work_cell,active_or_unknown,m0025,F4,flow-orchestrator,m0025-f4-flow-orchestrator,50000000000000000025,exact,99,module_context_artifact,module_context,stable_id,File is nested under canonical module context-packet ID.,
context_packets/50000000000000000025/ai_readme.md,file,context_readme,active_or_unknown,m0025,F4,flow-orchestrator,m0025-f4-flow-orchestrator,50000000000000000025,exact,99,module_context_artifact,module_context,stable_id,File is nested under canonical module context-packet ID.,
context_packets/50000000000000000025/context_packet.json,file,context_packet,active_or_unknown,m0025,F4,flow-orchestrator,m0025-f4-flow-orchestrator,50000000000000000025,exact,99,module_context_artifact,module_context,stable_id,File is nested under canonical module context-packet ID.,
context_packets/50000000000000000025,folder,context_packet_folder,active_or_unknown,m0025,F4,flow-orchestrator,m0025-f4-flow-orchestrator,50000000000000000025,exact,99,module_context_packet_root,module_context,stable_id,Folder uses the canonical 20-digit module ID.,
context_packets/50000000000000000025/F1_FLOW_ORCHESTRATOR__MODULE_CONTEXT_BOUNDARY,folder,context_packet_folder,active_or_unknown,m0025,F4,flow-orchestrator,m0025-f4-flow-orchestrator,50000000000000000025,exact,99,module_context_subfolder,module_context,stable_id; direct_component_name; canonical_name,Folder is nested under canonical module context-packet ID. | Final path component contains 'f1 flow orchestrator'. | Final path component contains 'flow orchestrator'. | Final path component contains canonical name 'flow orchestrator'.,
services/flow-orchestrator,folder,folder,active_or_unknown,m0025,F4,flow-orchestrator,m0025-f4-flow-orchestrator,50000000000000000025,high,90,explicit_name_match,candidate_owned,direct_component_name; canonical_name; legacy_container_name,Final path component contains 'flow orchestrator'. | Final path component contains canonical name 'flow orchestrator'. | Container name maps to 1 candidate module(s).,Container identity does not determine every child file's ownership.
services/flow-orchestrator/src/2099900149260118_coordinator.py,file,implementation_source,active_or_unknown,m0025,F4,flow-orchestrator,m0025-f4-flow-orchestrator,50000000000000000025,medium-high,78,implementation_source,candidate_owned,container_membership; explicit_path_crosswalk,File is under legacy container 'services/flow-orchestrator'. | Coordinator inside flow-orchestrator service.,Generic child names require content validation.
services/flow-orchestrator/src/2099900148260118_config.py,file,implementation_source,active_or_unknown,m0025,F4,flow-orchestrator,m0025-f4-flow-orchestrator,50000000000000000025,medium-high,74,legacy_container_member,candidate_owned,container_membership,File is under legacy container 'services/flow-orchestrator'.,Generic child names require content validation.
services/flow-orchestrator/src/2099900150260118_plugin.py,file,implementation_source,active_or_unknown,m0025,F4,flow-orchestrator,m0025-f4-flow-orchestrator,50000000000000000025,medium-high,74,legacy_container_member,candidate_owned,container_membership,File is under legacy container 'services/flow-orchestrator'.,Generic child names require content validation.
context_packets/50000000000000000026/P1_HEALTH_AGGREGATOR__MODULE_CONTEXT_BOUNDARY/work_cell_context.json,file,work_cell,active_or_unknown,m0026,P1,health-aggregator,m0026-p1-health-aggregator,50000000000000000026,exact,99,module_context_artifact,module_context,stable_id,File is nested under canonical module context-packet ID.,
context_packets/50000000000000000026/ai_readme.md,file,context_readme,active_or_unknown,m0026,P1,health-aggregator,m0026-p1-health-aggregator,50000000000000000026,exact,99,module_context_artifact,module_context,stable_id,File is nested under canonical module context-packet ID.,
context_packets/50000000000000000026/context_packet.json,file,context_packet,active_or_unknown,m0026,P1,health-aggregator,m0026-p1-health-aggregator,50000000000000000026,exact,99,module_context_artifact,module_context,stable_id,File is nested under canonical module context-packet ID.,
context_packets/50000000000000000026,folder,context_packet_folder,active_or_unknown,m0026,P1,health-aggregator,m0026-p1-health-aggregator,50000000000000000026,exact,99,module_context_packet_root,module_context,stable_id,Folder uses the canonical 20-digit module ID.,
context_packets/50000000000000000026/P1_HEALTH_AGGREGATOR__MODULE_CONTEXT_BOUNDARY,folder,context_packet_folder,active_or_unknown,m0026,P1,health-aggregator,m0026-p1-health-aggregator,50000000000000000026,exact,99,module_context_subfolder,module_context,stable_id; direct_component_name; locator_plus_canonical_name,Folder is nested under canonical module context-packet ID. | Final path component contains 'p1 health aggregator'. | Final path component contains 'health aggregator'. | Final path component contains locator P1 and canonical name 'health aggregator'.,
services/flow-monitor/work_cells/P1_HEALTH_AGGREGATOR__MODULE_CONTEXT_BOUNDARY.json,file,work_cell,active_or_unknown,m0026,P1,health-aggregator,m0026-p1-health-aggregator,50000000000000000026,exact,97,explicit_name_match,candidate_owned,direct_component_name; locator_plus_canonical_name; container_membership,Final path component contains 'p1 health aggregator'. | Final path component contains 'health aggregator'. | Final path component contains locator P1 and canonical name 'health aggregator'. | File is under legacy container 'services/flow-monitor'.,Generic child names require content validation.
services/telemetry-daemon/work_cells/P1_HEALTH_AGGREGATOR__MODULE_CONTEXT_BOUNDARY.json,file,work_cell,active_or_unknown,m0026,P1,health-aggregator,m0026-p1-health-aggregator,50000000000000000026,exact,97,explicit_name_match,candidate_owned,direct_component_name; locator_plus_canonical_name; container_membership,Final path component contains 'p1 health aggregator'. | Final path component contains 'health aggregator'. | Final path component contains locator P1 and canonical name 'health aggregator'. | File is under legacy container 'services/telemetry-daemon'.,Generic child names require content validation.
contracts/schemas/csv/0199900028260118_health_metrics.csv.md,file,contract_or_schema,active_or_unknown,m0026,P1,health-aggregator,m0026-p1-health-aggregator,50000000000000000026,high,90,shared_contract_or_fixture,shared_support,direct_component_name; health_contract,Final path component contains 'health metrics'. | Contract/model/fixture filename names an interface object exchanged with m0026-p1-health-aggregator.,Shared interface relationship; not automatic exclusive ownership.
services/telemetry-daemon/src/2099900187260118_aggregator.py,file,implementation_source,active_or_unknown,m0026,P1,health-aggregator,m0026-p1-health-aggregator,50000000000000000026,high,90,implementation_source,candidate_owned,container_membership; explicit_path_crosswalk,File is under legacy container 'services/telemetry-daemon'. | Aggregator inside telemetry service.,Generic child names require content validation.
services/telemetry-daemon/tests/2099900196260118_test_telemetry_daemon.py,file,test,active_or_unknown,m0026,P1,health-aggregator,m0026-p1-health-aggregator,50000000000000000026,high,90,legacy_container,candidate_owned,direct_component_name; container_membership,Final path component contains 'telemetry daemon'. | File is under legacy container 'services/telemetry-daemon'.,Generic child names require content validation.
services/flow-monitor,folder,folder,active_or_unknown,m0026,P1,health-aggregator,m0026-p1-health-aggregator,50000000000000000026,high,90,legacy_container,candidate_owned,direct_component_name; legacy_container_name,Final path component contains 'flow monitor'. | Container name maps to 1 candidate module(s).,Container identity does not determine every child file's ownership.
services/telemetry-daemon,folder,folder,active_or_unknown,m0026,P1,health-aggregator,m0026-p1-health-aggregator,50000000000000000026,high,90,legacy_container,candidate_owned,direct_component_name; legacy_container_name,Final path component contains 'telemetry daemon'. | Container name maps to 1 candidate module(s).,Container identity does not determine every child file's ownership.
services/telemetry_daemon,folder,folder,active_or_unknown,m0026,P1,health-aggregator,m0026-p1-health-aggregator,50000000000000000026,high,90,legacy_container,candidate_owned,direct_component_name; legacy_container_name,Final path component contains 'telemetry daemon'. | Container name maps to 1 candidate module(s).,Container identity does not determine every child file's ownership.
EAFIX_auth_docs/08_operations_runbooks_and_incidents/0110000051260118_service-health.md,file,documentation,active_or_unknown,m0026,P1,health-aggregator,m0026-p1-health-aggregator,50000000000000000026,medium-high,78,documentation_or_source,supports_module,direct_component_name; documentation_domain_folder,Final path component contains 'service health'. | Document is within a broad domain folder spanning 3 modules.,"Use content sections, not folder alone, to assign module ownership."
services/flow-monitor/src/2099900147260118_monitor.py,file,implementation_source,active_or_unknown,m0026,P1,health-aggregator,m0026-p1-health-aggregator,50000000000000000026,medium-high,78,implementation_source,candidate_owned,container_membership; explicit_path_crosswalk,File is under legacy container 'services/flow-monitor'. | Monitor inside flow-monitor service.,Generic child names require content validation.
services/flow-monitor/src/2099900146260118_config.py,file,implementation_source,active_or_unknown,m0026,P1,health-aggregator,m0026-p1-health-aggregator,50000000000000000026,medium-high,74,legacy_container_member,candidate_owned,container_membership,File is under legacy container 'services/flow-monitor'.,Generic child names require content validation.
services/telemetry-daemon/src/2099900188260118_alerting.py,file,implementation_source,active_or_unknown,m0026,P1,health-aggregator,m0026-p1-health-aggregator,50000000000000000026,medium-high,74,legacy_container_member,candidate_owned,container_membership,File is under legacy container 'services/telemetry-daemon'.,Generic child names require content validation.
services/telemetry-daemon/src/2099900188260118_risk_off_emitter.py,file,implementation_source,active_or_unknown,m0026,P1,health-aggregator,m0026-p1-health-aggregator,50000000000000000026,medium-high,74,legacy_container_member,candidate_owned,container_membership,File is under legacy container 'services/telemetry-daemon'.,Generic child names require content validation.
services/telemetry-daemon/src/2099900189260118_collector.py,file,implementation_source,active_or_unknown,m0026,P1,health-aggregator,m0026-p1-health-aggregator,50000000000000000026,medium-high,74,legacy_container_member,candidate_owned,container_membership,File is under legacy container 'services/telemetry-daemon'.,Generic child names require content validation.
services/telemetry-daemon/src/2099900190260118_config.py,file,implementation_source,active_or_unknown,m0026,P1,health-aggregator,m0026-p1-health-aggregator,50000000000000000026,medium-high,74,legacy_container_member,candidate_owned,container_membership,File is under legacy container 'services/telemetry-daemon'.,Generic child names require content validation.
services/telemetry-daemon/src/2099900191260118_health.py,file,implementation_source,active_or_unknown,m0026,P1,health-aggregator,m0026-p1-health-aggregator,50000000000000000026,medium-high,74,legacy_container_member,candidate_owned,container_membership,File is under legacy container 'services/telemetry-daemon'.,Generic child names require content validation.
services/telemetry-daemon/src/2099900192260118_main.py,file,implementation_source,active_or_unknown,m0026,P1,health-aggregator,m0026-p1-health-aggregator,50000000000000000026,medium-high,74,legacy_container_member,candidate_owned,container_membership,File is under legacy container 'services/telemetry-daemon'.,Generic child names require content validation.
services/telemetry-daemon/src/2099900193260118_metrics.py,file,implementation_source,active_or_unknown,m0026,P1,health-aggregator,m0026-p1-health-aggregator,50000000000000000026,medium-high,74,legacy_container_member,candidate_owned,container_membership,File is under legacy container 'services/telemetry-daemon'.,Generic child names require content validation.
services/telemetry-daemon/src/2099900194260118_plugin.py,file,implementation_source,active_or_unknown,m0026,P1,health-aggregator,m0026-p1-health-aggregator,50000000000000000026,medium-high,74,legacy_container_member,candidate_owned,container_membership,File is under legacy container 'services/telemetry-daemon'.,Generic child names require content validation.
services/telemetry-daemon/src/2099900195260118___init__.py,file,implementation_source,active_or_unknown,m0026,P1,health-aggregator,m0026-p1-health-aggregator,50000000000000000026,medium-high,74,legacy_container_member,candidate_owned,container_membership,File is under legacy container 'services/telemetry-daemon'.,Generic child names require content validation.
services/telemetry_daemon/__init__.py,file,implementation_source,active_or_unknown,m0026,P1,health-aggregator,m0026-p1-health-aggregator,50000000000000000026,medium-high,74,legacy_container_member,candidate_owned,container_membership,File is under legacy container 'services/telemetry_daemon'.,Generic child names require content validation.
services/telemetry_daemon/src/__init__.py,file,implementation_source,active_or_unknown,m0026,P1,health-aggregator,m0026-p1-health-aggregator,50000000000000000026,medium-high,74,legacy_container_member,candidate_owned,container_membership,File is under legacy container 'services/telemetry_daemon'.,Generic child names require content validation.
services/telemetry_daemon/src/aggregator.py,file,implementation_source,active_or_unknown,m0026,P1,health-aggregator,m0026-p1-health-aggregator,50000000000000000026,medium-high,74,legacy_container_member,candidate_owned,container_membership,File is under legacy container 'services/telemetry_daemon'.,Generic child names require content validation.
services/telemetry_daemon/src/alerting.py,file,implementation_source,active_or_unknown,m0026,P1,health-aggregator,m0026-p1-health-aggregator,50000000000000000026,medium-high,74,legacy_container_member,candidate_owned,container_membership,File is under legacy container 'services/telemetry_daemon'.,Generic child names require content validation.
services/telemetry_daemon/src/collector.py,file,implementation_source,active_or_unknown,m0026,P1,health-aggregator,m0026-p1-health-aggregator,50000000000000000026,medium-high,74,legacy_container_member,candidate_owned,container_membership,File is under legacy container 'services/telemetry_daemon'.,Generic child names require content validation.
services/telemetry_daemon/src/config.py,file,implementation_source,active_or_unknown,m0026,P1,health-aggregator,m0026-p1-health-aggregator,50000000000000000026,medium-high,74,legacy_container_member,candidate_owned,container_membership,File is under legacy container 'services/telemetry_daemon'.,Generic child names require content validation.
services/telemetry_daemon/src/health.py,file,implementation_source,active_or_unknown,m0026,P1,health-aggregator,m0026-p1-health-aggregator,50000000000000000026,medium-high,74,legacy_container_member,candidate_owned,container_membership,File is under legacy container 'services/telemetry_daemon'.,Generic child names require content validation.
services/telemetry_daemon/src/main.py,file,implementation_source,active_or_unknown,m0026,P1,health-aggregator,m0026-p1-health-aggregator,50000000000000000026,medium-high,74,legacy_container_member,candidate_owned,container_membership,File is under legacy container 'services/telemetry_daemon'.,Generic child names require content validation.
services/telemetry_daemon/src/metrics.py,file,implementation_source,active_or_unknown,m0026,P1,health-aggregator,m0026-p1-health-aggregator,50000000000000000026,medium-high,74,legacy_container_member,candidate_owned,container_membership,File is under legacy container 'services/telemetry_daemon'.,Generic child names require content validation.
services/telemetry_daemon/src/plugin.py,file,implementation_source,active_or_unknown,m0026,P1,health-aggregator,m0026-p1-health-aggregator,50000000000000000026,medium-high,74,legacy_container_member,candidate_owned,container_membership,File is under legacy container 'services/telemetry_daemon'.,Generic child names require content validation.
services/telemetry_daemon/src/risk_off_emitter.py,file,implementation_source,active_or_unknown,m0026,P1,health-aggregator,m0026-p1-health-aggregator,50000000000000000026,medium-high,74,legacy_container_member,candidate_owned,container_membership,File is under legacy container 'services/telemetry_daemon'.,Generic child names require content validation.
services/risk-manager/work_cells/R1_4_CORRELATION_GUARDS.json,file,work_cell,active_or_unknown,m0027,R3,correlation-guard,m0027-r3-correlation-guard,50000000000000000027,high,90,explicit_name_match,candidate_owned,direct_component_name; canonical_name; container_membership; explicit_work_cell_crosswalk,Final path component contains 'correlation guard'. | Final path component contains 'correlation guards'. | Final path component contains canonical name 'correlation guard'. | File is under legacy container 'services/risk-manager'. | Legacy work-cell name crosswalks to m0027-r3-correlation-guard.,Generic child names require content validation.; Legacy work-cell locator may differ from final atomic module locator.
context_packets/50000000000000000013/R1_4_CORRELATION_GUARDS,folder,context_packet_folder,active_or_unknown,m0027,R3,correlation-guard,m0027-r3-correlation-guard,50000000000000000027,high,90,explicit_name_match,candidate_owned,direct_component_name; canonical_name; explicit_work_cell_crosswalk,Final path component contains 'correlation guard'. | Final path component contains 'correlation guards'. | Final path component contains canonical name 'correlation guard'. | Legacy work-cell name crosswalks to m0027-r3-correlation-guard.,Legacy work-cell locator may differ from final atomic module locator.
services/dashboard-backend/src/2099900105260118_dashboard_backend.py,file,implementation_source,active_or_unknown,m0028,U1,dashboard-backend,m0028-u1-dashboard-backend,50000000000000000028,high,90,explicit_name_match,candidate_owned,direct_component_name; canonical_name; container_membership; explicit_path_crosswalk,Final path component contains 'dashboard backend'. | Final path component contains canonical name 'dashboard backend'. | File is under legacy container 'services/dashboard-backend'. | Exact dashboard-backend implementation filename.,Generic child names require content validation.
services/dashboard-backend,folder,folder,active_or_unknown,m0028,U1,dashboard-backend,m0028-u1-dashboard-backend,50000000000000000028,high,90,explicit_name_match,candidate_owned,direct_component_name; canonical_name; legacy_container_name,Final path component contains 'dashboard backend'. | Final path component contains canonical name 'dashboard backend'. | Container name maps to 1 candidate module(s).,Container identity does not determine every child file's ownership.
services/dashboard-backend/frontend/0099900037260118_trading_dashboard.tsx,file,implementation_source,active_or_unknown,m0028,U1,dashboard-backend,m0028-u1-dashboard-backend,50000000000000000028,medium-high,78,implementation_or_doc,candidate_owned,direct_component_name; container_membership,Final path component contains 'trading dashboard'. | File is under legacy container 'services/dashboard-backend'.,Generic child names require content validation.
services/dashboard-backend/docs/0199900102260118_integration_guide.md,file,documentation,active_or_unknown,m0028,U1,dashboard-backend,m0028-u1-dashboard-backend,50000000000000000028,medium-high,74,legacy_container_member,candidate_owned,container_membership,File is under legacy container 'services/dashboard-backend'.,Generic child names require content validation.
services/dashboard-backend/docs/0199900103260118_Py Qt6 Trading Signals Dashboard Tab (dashboard Tab.md,file,documentation,active_or_unknown,m0028,U1,dashboard-backend,m0028-u1-dashboard-backend,50000000000000000028,medium-high,74,legacy_container_member,candidate_owned,container_membership,File is under legacy container 'services/dashboard-backend'.,Generic child names require content validation.
services/dashboard-backend/src/2099900104260118_advanced_indicators.py,file,implementation_source,active_or_unknown,m0028,U1,dashboard-backend,m0028-u1-dashboard-backend,50000000000000000028,medium-high,74,legacy_container_member,candidate_owned,container_membership,File is under legacy container 'services/dashboard-backend'.,Generic child names require content validation.
services/dashboard-backend/src/2099900106260118_main.py,file,implementation_source,active_or_unknown,m0028,U1,dashboard-backend,m0028-u1-dashboard-backend,50000000000000000028,medium-high,74,legacy_container_member,candidate_owned,container_membership,File is under legacy container 'services/dashboard-backend'.,Generic child names require content validation.
services/dashboard-backend/src/2099900107260118_plugin.py,file,implementation_source,active_or_unknown,m0028,U1,dashboard-backend,m0028-u1-dashboard-backend,50000000000000000028,medium-high,74,legacy_container_member,candidate_owned,container_membership,File is under legacy container 'services/dashboard-backend'.,Generic child names require content validation.
services/dashboard-backend/src/2099900108260118_tkinter_dashboard_gui.py,file,implementation_source,active_or_unknown,m0028,U1,dashboard-backend,m0028-u1-dashboard-backend,50000000000000000028,medium-high,74,legacy_container_member,candidate_owned,container_membership,File is under legacy container 'services/dashboard-backend'.,Generic child names require content validation.
services/dashboard-backend/work_cells/UI_GATEWAY_REST_API_GATEWAY.json,file,work_cell,active_or_unknown,m0028,U1,dashboard-backend,m0028-u1-dashboard-backend,50000000000000000028,medium-high,74,legacy_container_member,candidate_owned,container_membership,File is under legacy container 'services/dashboard-backend'.,Generic child names require content validation.
services/dashboard-backend/work_cells/UI_GATEWAY_WEBSOCKET_GATEWAY.json,file,work_cell,active_or_unknown,m0028,U1,dashboard-backend,m0028-u1-dashboard-backend,50000000000000000028,medium-high,74,legacy_container_member,candidate_owned,container_membership,File is under legacy container 'services/dashboard-backend'.,Generic child names require content validation.
services/dashboard-backend/work_cells/UI_UI_SCREEN_ALERTS.json,file,work_cell,active_or_unknown,m0028,U1,dashboard-backend,m0028-u1-dashboard-backend,50000000000000000028,medium-high,74,legacy_container_member,candidate_owned,container_membership; ui_work_cell_cross_support,File is under legacy container 'services/dashboard-backend'. | UI screen likely consumes U1 Dashboard Backend data/services.,Generic child names require content validation.
services/dashboard-backend/work_cells/UI_UI_SCREEN_CONFIGURATION.json,file,work_cell,active_or_unknown,m0028,U1,dashboard-backend,m0028-u1-dashboard-backend,50000000000000000028,medium-high,74,legacy_container_member,candidate_owned,container_membership; ui_work_cell_cross_support,File is under legacy container 'services/dashboard-backend'. | UI screen likely consumes U1 Dashboard Backend data/services.,Generic child names require content validation.
services/dashboard-backend/work_cells/UI_UI_SCREEN_DDE_PRICE_FEED.json,file,work_cell,active_or_unknown,m0028,U1,dashboard-backend,m0028-u1-dashboard-backend,50000000000000000028,medium-high,74,legacy_container_member,candidate_owned,container_membership; ui_work_cell_cross_support,File is under legacy container 'services/dashboard-backend'. | UI screen likely consumes U1 Dashboard Backend data/services.,Generic child names require content validation.
services/dashboard-backend/work_cells/UI_UI_SCREEN_ECONOMIC_CALENDAR.json,file,work_cell,active_or_unknown,m0028,U1,dashboard-backend,m0028-u1-dashboard-backend,50000000000000000028,medium-high,74,legacy_container_member,candidate_owned,container_membership; ui_work_cell_cross_support,File is under legacy container 'services/dashboard-backend'. | UI screen likely consumes U1 Dashboard Backend data/services.,Generic child names require content validation.
services/dashboard-backend/work_cells/UI_UI_SCREEN_EQUITY_RISK.json,file,work_cell,active_or_unknown,m0028,U1,dashboard-backend,m0028-u1-dashboard-backend,50000000000000000028,medium-high,74,legacy_container_member,candidate_owned,container_membership; ui_work_cell_cross_support,File is under legacy container 'services/dashboard-backend'. | UI screen likely consumes U1 Dashboard Backend data/services.,Generic child names require content validation.
services/dashboard-backend/work_cells/UI_UI_SCREEN_HISTORY_ANALYTICS.json,file,work_cell,active_or_unknown,m0028,U1,dashboard-backend,m0028-u1-dashboard-backend,50000000000000000028,medium-high,74,legacy_container_member,candidate_owned,container_membership; ui_work_cell_cross_support,File is under legacy container 'services/dashboard-backend'. | UI screen likely consumes U1 Dashboard Backend data/services.,Generic child names require content validation.
services/dashboard-backend/work_cells/UI_UI_SCREEN_LIVE_TRADING.json,file,work_cell,active_or_unknown,m0028,U1,dashboard-backend,m0028-u1-dashboard-backend,50000000000000000028,medium-high,74,legacy_container_member,candidate_owned,container_membership; ui_work_cell_cross_support,File is under legacy container 'services/dashboard-backend'. | UI screen likely consumes U1 Dashboard Backend data/services.,Generic child names require content validation.
services/dashboard-backend/work_cells/UI_UI_SCREEN_REENTRY_MATRIX.json,file,work_cell,active_or_unknown,m0028,U1,dashboard-backend,m0028-u1-dashboard-backend,50000000000000000028,medium-high,74,legacy_container_member,candidate_owned,container_membership; ui_work_cell_cross_support,File is under legacy container 'services/dashboard-backend'. | UI screen likely consumes U1 Dashboard Backend data/services.,Generic child names require content validation.
services/dashboard-backend/work_cells/UI_UI_SCREEN_REENTRY_PARAMETER_SETS.json,file,work_cell,active_or_unknown,m0028,U1,dashboard-backend,m0028-u1-dashboard-backend,50000000000000000028,medium-high,74,legacy_container_member,candidate_owned,container_membership; ui_work_cell_cross_support,File is under legacy container 'services/dashboard-backend'. | UI screen likely consumes U1 Dashboard Backend data/services.,Generic child names require content validation.
services/dashboard-backend/work_cells/UI_UI_SCREEN_SIGNALS_HISTORY.json,file,work_cell,active_or_unknown,m0028,U1,dashboard-backend,m0028-u1-dashboard-backend,50000000000000000028,medium-high,74,legacy_container_member,candidate_owned,container_membership; ui_work_cell_cross_support,File is under legacy container 'services/dashboard-backend'. | UI screen likely consumes U1 Dashboard Backend data/services.,Generic child names require content validation.
services/dashboard-backend/work_cells/UI_UI_SCREEN_SYSTEM_STATUS.json,file,work_cell,active_or_unknown,m0028,U1,dashboard-backend,m0028-u1-dashboard-backend,50000000000000000028,medium-high,74,legacy_container_member,candidate_owned,container_membership; ui_work_cell_cross_support,File is under legacy container 'services/dashboard-backend'. | UI screen likely consumes U1 Dashboard Backend data/services.,Generic child names require content validation.
services/dashboard-backend/work_cells/UI_UI_SCREEN_TRADE_HISTORY.json,file,work_cell,active_or_unknown,m0028,U1,dashboard-backend,m0028-u1-dashboard-backend,50000000000000000028,medium-high,74,legacy_container_member,candidate_owned,container_membership; ui_work_cell_cross_support,File is under legacy container 'services/dashboard-backend'. | UI screen likely consumes U1 Dashboard Backend data/services.,Generic child names require content validation.
services/dashboard-backend/work_cells/UI_GATEWAY_REST_API_GATEWAY.json,file,work_cell,active_or_unknown,m0029,U2,gui-gateway,m0029-u2-gui-gateway,50000000000000000029,high,90,work_cell,candidate_owned,direct_component_name; ui_work_cell_name,Final path component contains 'rest api gateway'. | Final path component contains 'api gateway'. | Gateway work-cell name aligns with U2 GUI Gateway.,
services/dashboard-backend/work_cells/UI_GATEWAY_WEBSOCKET_GATEWAY.json,file,work_cell,active_or_unknown,m0029,U2,gui-gateway,m0029-u2-gui-gateway,50000000000000000029,high,90,work_cell,candidate_owned,direct_component_name; ui_work_cell_name,Final path component contains 'websocket gateway'. | Gateway work-cell name aligns with U2 GUI Gateway.,
services/desktop-ui/work_cells/UI_GATEWAY_REST_API_GATEWAY.json,file,work_cell,active_or_unknown,m0029,U2,gui-gateway,m0029-u2-gui-gateway,50000000000000000029,high,90,work_cell,candidate_owned,direct_component_name; ui_work_cell_name,Final path component contains 'rest api gateway'. | Final path component contains 'api gateway'. | Gateway work-cell name aligns with U2 GUI Gateway.,
services/desktop-ui/work_cells/UI_GATEWAY_WEBSOCKET_GATEWAY.json,file,work_cell,active_or_unknown,m0029,U2,gui-gateway,m0029-u2-gui-gateway,50000000000000000029,high,90,work_cell,candidate_owned,direct_component_name; ui_work_cell_name,Final path component contains 'websocket gateway'. | Gateway work-cell name aligns with U2 GUI Gateway.,
services/gui-gateway/work_cells/UI_GATEWAY_REST_API_GATEWAY.json,file,work_cell,active_or_unknown,m0029,U2,gui-gateway,m0029-u2-gui-gateway,50000000000000000029,high,90,work_cell,candidate_owned,direct_component_name; container_membership; ui_work_cell_name,Final path component contains 'rest api gateway'. | Final path component contains 'api gateway'. | File is under legacy container 'services/gui-gateway'. | Gateway work-cell name aligns with U2 GUI Gateway.,Generic child names require content validation.
services/gui-gateway/work_cells/UI_GATEWAY_WEBSOCKET_GATEWAY.json,file,work_cell,active_or_unknown,m0029,U2,gui-gateway,m0029-u2-gui-gateway,50000000000000000029,high,90,work_cell,candidate_owned,direct_component_name; container_membership; ui_work_cell_name,Final path component contains 'websocket gateway'. | File is under legacy container 'services/gui-gateway'. | Gateway work-cell name aligns with U2 GUI Gateway.,Generic child names require content validation.
context_packets/50000000000000000099/UI_GATEWAY_REST_API_GATEWAY,folder,context_packet_folder,active_or_unknown,m0029,U2,gui-gateway,m0029-u2-gui-gateway,50000000000000000029,high,90,work_cell,candidate_owned,direct_component_name; ui_work_cell_name,Final path component contains 'rest api gateway'. | Final path component contains 'api gateway'. | Gateway work-cell name aligns with U2 GUI Gateway.,
context_packets/50000000000000000099/UI_GATEWAY_WEBSOCKET_GATEWAY,folder,context_packet_folder,active_or_unknown,m0029,U2,gui-gateway,m0029-u2-gui-gateway,50000000000000000029,high,90,work_cell,candidate_owned,direct_component_name; ui_work_cell_name,Final path component contains 'websocket gateway'. | Gateway work-cell name aligns with U2 GUI Gateway.,
services/gui-gateway,folder,folder,active_or_unknown,m0029,U2,gui-gateway,m0029-u2-gui-gateway,50000000000000000029,high,90,explicit_name_match,candidate_owned,direct_component_name; canonical_name; legacy_container_name,Final path component contains 'gui gateway'. | Final path component contains canonical name 'gui gateway'. | Container name maps to 1 candidate module(s).,Container identity does not determine every child file's ownership.
services/gui-gateway/src/2099900155260118_config.py,file,implementation_source,active_or_unknown,m0029,U2,gui-gateway,m0029-u2-gui-gateway,50000000000000000029,medium-high,74,legacy_container_member,candidate_owned,container_membership,File is under legacy container 'services/gui-gateway'.,Generic child names require content validation.
services/gui-gateway/src/2099900156260118_main.py,file,implementation_source,active_or_unknown,m0029,U2,gui-gateway,m0029-u2-gui-gateway,50000000000000000029,medium-high,74,legacy_container_member,candidate_owned,container_membership,File is under legacy container 'services/gui-gateway'.,Generic child names require content validation.
services/gui-gateway/src/2099900157260118_models.py,file,implementation_source,active_or_unknown,m0029,U2,gui-gateway,m0029-u2-gui-gateway,50000000000000000029,medium-high,74,legacy_container_member,candidate_owned,container_membership,File is under legacy container 'services/gui-gateway'.,Generic child names require content validation.
services/gui-gateway/src/2099900158260118_plugin.py,file,implementation_source,active_or_unknown,m0029,U2,gui-gateway,m0029-u2-gui-gateway,50000000000000000029,medium-high,74,legacy_container_member,candidate_owned,container_membership,File is under legacy container 'services/gui-gateway'.,Generic child names require content validation.
services/gui-gateway/work_cells/UI_UI_SCREEN_ALERTS.json,file,work_cell,active_or_unknown,m0029,U2,gui-gateway,m0029-u2-gui-gateway,50000000000000000029,medium-high,74,legacy_container_member,candidate_owned,container_membership,File is under legacy container 'services/gui-gateway'.,Generic child names require content validation.
services/gui-gateway/work_cells/UI_UI_SCREEN_CONFIGURATION.json,file,work_cell,active_or_unknown,m0029,U2,gui-gateway,m0029-u2-gui-gateway,50000000000000000029,medium-high,74,legacy_container_member,candidate_owned,container_membership,File is under legacy container 'services/gui-gateway'.,Generic child names require content validation.
services/gui-gateway/work_cells/UI_UI_SCREEN_DDE_PRICE_FEED.json,file,work_cell,active_or_unknown,m0029,U2,gui-gateway,m0029-u2-gui-gateway,50000000000000000029,medium-high,74,legacy_container_member,candidate_owned,container_membership,File is under legacy container 'services/gui-gateway'.,Generic child names require content validation.
services/gui-gateway/work_cells/UI_UI_SCREEN_ECONOMIC_CALENDAR.json,file,work_cell,active_or_unknown,m0029,U2,gui-gateway,m0029-u2-gui-gateway,50000000000000000029,medium-high,74,legacy_container_member,candidate_owned,container_membership,File is under legacy container 'services/gui-gateway'.,Generic child names require content validation.
services/gui-gateway/work_cells/UI_UI_SCREEN_EQUITY_RISK.json,file,work_cell,active_or_unknown,m0029,U2,gui-gateway,m0029-u2-gui-gateway,50000000000000000029,medium-high,74,legacy_container_member,candidate_owned,container_membership,File is under legacy container 'services/gui-gateway'.,Generic child names require content validation.
services/gui-gateway/work_cells/UI_UI_SCREEN_HISTORY_ANALYTICS.json,file,work_cell,active_or_unknown,m0029,U2,gui-gateway,m0029-u2-gui-gateway,50000000000000000029,medium-high,74,legacy_container_member,candidate_owned,container_membership,File is under legacy container 'services/gui-gateway'.,Generic child names require content validation.
services/gui-gateway/work_cells/UI_UI_SCREEN_LIVE_TRADING.json,file,work_cell,active_or_unknown,m0029,U2,gui-gateway,m0029-u2-gui-gateway,50000000000000000029,medium-high,74,legacy_container_member,candidate_owned,container_membership,File is under legacy container 'services/gui-gateway'.,Generic child names require content validation.
services/gui-gateway/work_cells/UI_UI_SCREEN_REENTRY_MATRIX.json,file,work_cell,active_or_unknown,m0029,U2,gui-gateway,m0029-u2-gui-gateway,50000000000000000029,medium-high,74,legacy_container_member,candidate_owned,container_membership,File is under legacy container 'services/gui-gateway'.,Generic child names require content validation.
services/gui-gateway/work_cells/UI_UI_SCREEN_REENTRY_PARAMETER_SETS.json,file,work_cell,active_or_unknown,m0029,U2,gui-gateway,m0029-u2-gui-gateway,50000000000000000029,medium-high,74,legacy_container_member,candidate_owned,container_membership,File is under legacy container 'services/gui-gateway'.,Generic child names require content validation.
services/gui-gateway/work_cells/UI_UI_SCREEN_SIGNALS_HISTORY.json,file,work_cell,active_or_unknown,m0029,U2,gui-gateway,m0029-u2-gui-gateway,50000000000000000029,medium-high,74,legacy_container_member,candidate_owned,container_membership,File is under legacy container 'services/gui-gateway'.,Generic child names require content validation.
services/gui-gateway/work_cells/UI_UI_SCREEN_SYSTEM_STATUS.json,file,work_cell,active_or_unknown,m0029,U2,gui-gateway,m0029-u2-gui-gateway,50000000000000000029,medium-high,74,legacy_container_member,candidate_owned,container_membership,File is under legacy container 'services/gui-gateway'.,Generic child names require content validation.
services/gui-gateway/work_cells/UI_UI_SCREEN_TRADE_HISTORY.json,file,work_cell,active_or_unknown,m0029,U2,gui-gateway,m0029-u2-gui-gateway,50000000000000000029,medium-high,74,legacy_container_member,candidate_owned,container_membership,File is under legacy container 'services/gui-gateway'.,Generic child names require content validation.
indicators/friday_vol_indicator.py,file,implementation_source,active_or_unknown,m0030,U3,mt4-expiry-overlay,m0030-u3-mt4-expiry-overlay,50000000000000000030,high,90,implementation_or_test,candidate_owned,direct_component_name,Final path component contains 'friday vol indicator'.,
services/desktop-ui/2099900128260118_expiry_indicator_service.py,file,implementation_source,active_or_unknown,m0030,U3,mt4-expiry-overlay,m0030-u3-mt4-expiry-overlay,50000000000000000030,high,90,implementation_source,candidate_owned,direct_component_name; container_membership,Final path component contains 'expiry indicator'. | File is under legacy container 'services/desktop-ui'.,Generic child names require content validation.
services/desktop-ui/2099900130260118_friday_vol_indicator.py,file,implementation_source,active_or_unknown,m0030,U3,mt4-expiry-overlay,m0030-u3-mt4-expiry-overlay,50000000000000000030,high,90,implementation_or_test,candidate_owned,direct_component_name; container_membership,Final path component contains 'friday vol indicator'. | File is under legacy container 'services/desktop-ui'.,Generic child names require content validation.
services/desktop-ui/2099900131260118_friday_vol_signal.py,file,implementation_source,active_or_unknown,m0030,U3,mt4-expiry-overlay,m0030-u3-mt4-expiry-overlay,50000000000000000030,high,90,implementation_or_test,candidate_owned,direct_component_name; container_membership,Final path component contains 'friday vol signal'. | File is under legacy container 'services/desktop-ui'.,Generic child names require content validation.
services/desktop-ui/2099900133260118_test_friday_vol_indicator.py,file,test,active_or_unknown,m0030,U3,mt4-expiry-overlay,m0030-u3-mt4-expiry-overlay,50000000000000000030,high,90,implementation_or_test,candidate_owned,direct_component_name; container_membership,Final path component contains 'friday vol indicator'. | File is under legacy container 'services/desktop-ui'.,Generic child names require content validation.
services/desktop-ui/2099900134260118_test_friday_vol_signal.py,file,test,active_or_unknown,m0030,U3,mt4-expiry-overlay,m0030-u3-mt4-expiry-overlay,50000000000000000030,high,90,implementation_or_test,candidate_owned,direct_component_name; container_membership,Final path component contains 'friday vol signal'. | File is under legacy container 'services/desktop-ui'.,Generic child names require content validation.
signals/friday_vol_signal.py,file,implementation_source,active_or_unknown,m0030,U3,mt4-expiry-overlay,m0030-u3-mt4-expiry-overlay,50000000000000000030,high,90,implementation_or_test,candidate_owned,direct_component_name,Final path component contains 'friday vol signal'.,
.github/workflows/gui-terminal.yml,file,configuration,active_or_unknown,m0031,U4,desktop-operator,m0031-u4-desktop-operator,50000000000000000031,high,90,implementation_or_doc,candidate_owned,direct_component_name,Final path component contains 'gui terminal'.,
CLI_PY_GUI/gui_terminal/cli_gui_terminal.py,file,implementation_source,active_or_unknown,m0031,U4,desktop-operator,m0031-u4-desktop-operator,50000000000000000031,high,90,implementation_or_doc,candidate_owned,direct_component_name; container_membership,Final path component contains 'gui terminal'. | File is under legacy container 'CLI_PY_GUI'.,Generic child names require content validation.
services/dashboard-backend/src/2099900108260118_tkinter_dashboard_gui.py,file,implementation_source,active_or_unknown,m0031,U4,desktop-operator,m0031-u4-desktop-operator,50000000000000000031,high,90,implementation_source,candidate_owned,direct_component_name,Final path component contains 'tkinter dashboard gui'.,
services/desktop-ui/2099900135260118_tkinter_dashboard_gui.py,file,implementation_source,active_or_unknown,m0031,U4,desktop-operator,m0031-u4-desktop-operator,50000000000000000031,high,90,implementation_source,candidate_owned,direct_component_name; container_membership,Final path component contains 'tkinter dashboard gui'. | File is under legacy container 'services/desktop-ui'.,Generic child names require content validation.
services/desktop-ui/dashboard/2099900136260118_tkinter_dashboard_gui.py,file,implementation_source,active_or_unknown,m0031,U4,desktop-operator,m0031-u4-desktop-operator,50000000000000000031,high,90,implementation_source,candidate_owned,direct_component_name; container_membership,Final path component contains 'tkinter dashboard gui'. | File is under legacy container 'services/desktop-ui'.,Generic child names require content validation.
tests/test_gui_terminal_core.py,file,test,active_or_unknown,m0031,U4,desktop-operator,m0031-u4-desktop-operator,50000000000000000031,high,90,implementation_or_doc,candidate_owned,direct_component_name,Final path component contains 'gui terminal'.,
CLI_PY_GUI/gui_terminal,folder,folder,active_or_unknown,m0031,U4,desktop-operator,m0031-u4-desktop-operator,50000000000000000031,high,90,implementation_or_doc,candidate_owned,direct_component_name,Final path component contains 'gui terminal'.,
CLI_PY_GUI/gui_terminal/src/gui_terminal,folder,source_folder,active_or_unknown,m0031,U4,desktop-operator,m0031-u4-desktop-operator,50000000000000000031,high,90,implementation_or_doc,candidate_owned,direct_component_name,Final path component contains 'gui terminal'.,
gui_terminal,folder,folder,active_or_unknown,m0031,U4,desktop-operator,m0031-u4-desktop-operator,50000000000000000031,high,90,implementation_or_doc,candidate_owned,direct_component_name,Final path component contains 'gui terminal'.,
services/desktop-ui,folder,folder,active_or_unknown,m0031,U4,desktop-operator,m0031-u4-desktop-operator,50000000000000000031,high,90,legacy_container,candidate_owned,direct_component_name; legacy_container_name,Final path component contains 'desktop ui'. | Container name maps to 2 candidate module(s).,Container identity does not determine every child file's ownership.
services/dashboard-backend/work_cells/UI_UI_SCREEN_ALERTS.json,file,work_cell,active_or_unknown,m0031,U4,desktop-operator,m0031-u4-desktop-operator,50000000000000000031,high,86,ui_screen_work_cell,candidate_owned,ui_work_cell_name,UI screen work-cell aligns most directly with U4 Desktop Operator.,
services/dashboard-backend/work_cells/UI_UI_SCREEN_CONFIGURATION.json,file,work_cell,active_or_unknown,m0031,U4,desktop-operator,m0031-u4-desktop-operator,50000000000000000031,high,86,ui_screen_work_cell,candidate_owned,ui_work_cell_name,UI screen work-cell aligns most directly with U4 Desktop Operator.,
services/dashboard-backend/work_cells/UI_UI_SCREEN_DDE_PRICE_FEED.json,file,work_cell,active_or_unknown,m0031,U4,desktop-operator,m0031-u4-desktop-operator,50000000000000000031,high,86,ui_screen_work_cell,candidate_owned,ui_work_cell_name,UI screen work-cell aligns most directly with U4 Desktop Operator.,
services/dashboard-backend/work_cells/UI_UI_SCREEN_ECONOMIC_CALENDAR.json,file,work_cell,active_or_unknown,m0031,U4,desktop-operator,m0031-u4-desktop-operator,50000000000000000031,high,86,ui_screen_work_cell,candidate_owned,ui_work_cell_name,UI screen work-cell aligns most directly with U4 Desktop Operator.,
services/dashboard-backend/work_cells/UI_UI_SCREEN_EQUITY_RISK.json,file,work_cell,active_or_unknown,m0031,U4,desktop-operator,m0031-u4-desktop-operator,50000000000000000031,high,86,ui_screen_work_cell,candidate_owned,ui_work_cell_name,UI screen work-cell aligns most directly with U4 Desktop Operator.,
services/dashboard-backend/work_cells/UI_UI_SCREEN_HISTORY_ANALYTICS.json,file,work_cell,active_or_unknown,m0031,U4,desktop-operator,m0031-u4-desktop-operator,50000000000000000031,high,86,ui_screen_work_cell,candidate_owned,ui_work_cell_name,UI screen work-cell aligns most directly with U4 Desktop Operator.,
services/dashboard-backend/work_cells/UI_UI_SCREEN_LIVE_TRADING.json,file,work_cell,active_or_unknown,m0031,U4,desktop-operator,m0031-u4-desktop-operator,50000000000000000031,high,86,ui_screen_work_cell,candidate_owned,ui_work_cell_name,UI screen work-cell aligns most directly with U4 Desktop Operator.,
services/dashboard-backend/work_cells/UI_UI_SCREEN_REENTRY_MATRIX.json,file,work_cell,active_or_unknown,m0031,U4,desktop-operator,m0031-u4-desktop-operator,50000000000000000031,high,86,ui_screen_work_cell,candidate_owned,ui_work_cell_name,UI screen work-cell aligns most directly with U4 Desktop Operator.,
services/dashboard-backend/work_cells/UI_UI_SCREEN_REENTRY_PARAMETER_SETS.json,file,work_cell,active_or_unknown,m0031,U4,desktop-operator,m0031-u4-desktop-operator,50000000000000000031,high,86,ui_screen_work_cell,candidate_owned,ui_work_cell_name,UI screen work-cell aligns most directly with U4 Desktop Operator.,
services/dashboard-backend/work_cells/UI_UI_SCREEN_SIGNALS_HISTORY.json,file,work_cell,active_or_unknown,m0031,U4,desktop-operator,m0031-u4-desktop-operator,50000000000000000031,high,86,ui_screen_work_cell,candidate_owned,ui_work_cell_name,UI screen work-cell aligns most directly with U4 Desktop Operator.,
services/dashboard-backend/work_cells/UI_UI_SCREEN_SYSTEM_STATUS.json,file,work_cell,active_or_unknown,m0031,U4,desktop-operator,m0031-u4-desktop-operator,50000000000000000031,high,86,ui_screen_work_cell,candidate_owned,ui_work_cell_name,UI screen work-cell aligns most directly with U4 Desktop Operator.,
services/dashboard-backend/work_cells/UI_UI_SCREEN_TRADE_HISTORY.json,file,work_cell,active_or_unknown,m0031,U4,desktop-operator,m0031-u4-desktop-operator,50000000000000000031,high,86,ui_screen_work_cell,candidate_owned,ui_work_cell_name,UI screen work-cell aligns most directly with U4 Desktop Operator.,
services/desktop-ui/work_cells/UI_UI_SCREEN_ALERTS.json,file,work_cell,active_or_unknown,m0031,U4,desktop-operator,m0031-u4-desktop-operator,50000000000000000031,high,86,ui_screen_work_cell,candidate_owned,container_membership; ui_work_cell_name,File is under legacy container 'services/desktop-ui'. | UI screen work-cell aligns most directly with U4 Desktop Operator.,Generic child names require content validation.
services/desktop-ui/work_cells/UI_UI_SCREEN_CONFIGURATION.json,file,work_cell,active_or_unknown,m0031,U4,desktop-operator,m0031-u4-desktop-operator,50000000000000000031,high,86,ui_screen_work_cell,candidate_owned,container_membership; ui_work_cell_name,File is under legacy container 'services/desktop-ui'. | UI screen work-cell aligns most directly with U4 Desktop Operator.,Generic child names require content validation.
services/desktop-ui/work_cells/UI_UI_SCREEN_DDE_PRICE_FEED.json,file,work_cell,active_or_unknown,m0031,U4,desktop-operator,m0031-u4-desktop-operator,50000000000000000031,high,86,ui_screen_work_cell,candidate_owned,container_membership; ui_work_cell_name,File is under legacy container 'services/desktop-ui'. | UI screen work-cell aligns most directly with U4 Desktop Operator.,Generic child names require content validation.
services/desktop-ui/work_cells/UI_UI_SCREEN_ECONOMIC_CALENDAR.json,file,work_cell,active_or_unknown,m0031,U4,desktop-operator,m0031-u4-desktop-operator,50000000000000000031,high,86,ui_screen_work_cell,candidate_owned,container_membership; ui_work_cell_name,File is under legacy container 'services/desktop-ui'. | UI screen work-cell aligns most directly with U4 Desktop Operator.,Generic child names require content validation.
services/desktop-ui/work_cells/UI_UI_SCREEN_EQUITY_RISK.json,file,work_cell,active_or_unknown,m0031,U4,desktop-operator,m0031-u4-desktop-operator,50000000000000000031,high,86,ui_screen_work_cell,candidate_owned,container_membership; ui_work_cell_name,File is under legacy container 'services/desktop-ui'. | UI screen work-cell aligns most directly with U4 Desktop Operator.,Generic child names require content validation.
services/desktop-ui/work_cells/UI_UI_SCREEN_HISTORY_ANALYTICS.json,file,work_cell,active_or_unknown,m0031,U4,desktop-operator,m0031-u4-desktop-operator,50000000000000000031,high,86,ui_screen_work_cell,candidate_owned,container_membership; ui_work_cell_name,File is under legacy container 'services/desktop-ui'. | UI screen work-cell aligns most directly with U4 Desktop Operator.,Generic child names require content validation.
services/desktop-ui/work_cells/UI_UI_SCREEN_LIVE_TRADING.json,file,work_cell,active_or_unknown,m0031,U4,desktop-operator,m0031-u4-desktop-operator,50000000000000000031,high,86,ui_screen_work_cell,candidate_owned,container_membership; ui_work_cell_name,File is under legacy container 'services/desktop-ui'. | UI screen work-cell aligns most directly with U4 Desktop Operator.,Generic child names require content validation.
services/desktop-ui/work_cells/UI_UI_SCREEN_REENTRY_MATRIX.json,file,work_cell,active_or_unknown,m0031,U4,desktop-operator,m0031-u4-desktop-operator,50000000000000000031,high,86,ui_screen_work_cell,candidate_owned,container_membership; ui_work_cell_name,File is under legacy container 'services/desktop-ui'. | UI screen work-cell aligns most directly with U4 Desktop Operator.,Generic child names require content validation.
services/desktop-ui/work_cells/UI_UI_SCREEN_REENTRY_PARAMETER_SETS.json,file,work_cell,active_or_unknown,m0031,U4,desktop-operator,m0031-u4-desktop-operator,50000000000000000031,high,86,ui_screen_work_cell,candidate_owned,container_membership; ui_work_cell_name,File is under legacy container 'services/desktop-ui'. | UI screen work-cell aligns most directly with U4 Desktop Operator.,Generic child names require content validation.
services/desktop-ui/work_cells/UI_UI_SCREEN_SIGNALS_HISTORY.json,file,work_cell,active_or_unknown,m0031,U4,desktop-operator,m0031-u4-desktop-operator,50000000000000000031,high,86,ui_screen_work_cell,candidate_owned,container_membership; ui_work_cell_name,File is under legacy container 'services/desktop-ui'. | UI screen work-cell aligns most directly with U4 Desktop Operator.,Generic child names require content validation.
services/desktop-ui/work_cells/UI_UI_SCREEN_SYSTEM_STATUS.json,file,work_cell,active_or_unknown,m0031,U4,desktop-operator,m0031-u4-desktop-operator,50000000000000000031,high,86,ui_screen_work_cell,candidate_owned,container_membership; ui_work_cell_name,File is under legacy container 'services/desktop-ui'. | UI screen work-cell aligns most directly with U4 Desktop Operator.,Generic child names require content validation.
services/desktop-ui/work_cells/UI_UI_SCREEN_TRADE_HISTORY.json,file,work_cell,active_or_unknown,m0031,U4,desktop-operator,m0031-u4-desktop-operator,50000000000000000031,high,86,ui_screen_work_cell,candidate_owned,container_membership; ui_work_cell_name,File is under legacy container 'services/desktop-ui'. | UI screen work-cell aligns most directly with U4 Desktop Operator.,Generic child names require content validation.
services/gui-gateway/work_cells/UI_UI_SCREEN_ALERTS.json,file,work_cell,active_or_unknown,m0031,U4,desktop-operator,m0031-u4-desktop-operator,50000000000000000031,high,86,ui_screen_work_cell,candidate_owned,ui_work_cell_name,UI screen work-cell aligns most directly with U4 Desktop Operator.,
services/gui-gateway/work_cells/UI_UI_SCREEN_CONFIGURATION.json,file,work_cell,active_or_unknown,m0031,U4,desktop-operator,m0031-u4-desktop-operator,50000000000000000031,high,86,ui_screen_work_cell,candidate_owned,ui_work_cell_name,UI screen work-cell aligns most directly with U4 Desktop Operator.,
services/gui-gateway/work_cells/UI_UI_SCREEN_DDE_PRICE_FEED.json,file,work_cell,active_or_unknown,m0031,U4,desktop-operator,m0031-u4-desktop-operator,50000000000000000031,high,86,ui_screen_work_cell,candidate_owned,ui_work_cell_name,UI screen work-cell aligns most directly with U4 Desktop Operator.,
services/gui-gateway/work_cells/UI_UI_SCREEN_ECONOMIC_CALENDAR.json,file,work_cell,active_or_unknown,m0031,U4,desktop-operator,m0031-u4-desktop-operator,50000000000000000031,high,86,ui_screen_work_cell,candidate_owned,ui_work_cell_name,UI screen work-cell aligns most directly with U4 Desktop Operator.,
services/gui-gateway/work_cells/UI_UI_SCREEN_EQUITY_RISK.json,file,work_cell,active_or_unknown,m0031,U4,desktop-operator,m0031-u4-desktop-operator,50000000000000000031,high,86,ui_screen_work_cell,candidate_owned,ui_work_cell_name,UI screen work-cell aligns most directly with U4 Desktop Operator.,
services/gui-gateway/work_cells/UI_UI_SCREEN_HISTORY_ANALYTICS.json,file,work_cell,active_or_unknown,m0031,U4,desktop-operator,m0031-u4-desktop-operator,50000000000000000031,high,86,ui_screen_work_cell,candidate_owned,ui_work_cell_name,UI screen work-cell aligns most directly with U4 Desktop Operator.,
services/gui-gateway/work_cells/UI_UI_SCREEN_LIVE_TRADING.json,file,work_cell,active_or_unknown,m0031,U4,desktop-operator,m0031-u4-desktop-operator,50000000000000000031,high,86,ui_screen_work_cell,candidate_owned,ui_work_cell_name,UI screen work-cell aligns most directly with U4 Desktop Operator.,
services/gui-gateway/work_cells/UI_UI_SCREEN_REENTRY_MATRIX.json,file,work_cell,active_or_unknown,m0031,U4,desktop-operator,m0031-u4-desktop-operator,50000000000000000031,high,86,ui_screen_work_cell,candidate_owned,ui_work_cell_name,UI screen work-cell aligns most directly with U4 Desktop Operator.,
services/gui-gateway/work_cells/UI_UI_SCREEN_REENTRY_PARAMETER_SETS.json,file,work_cell,active_or_unknown,m0031,U4,desktop-operator,m0031-u4-desktop-operator,50000000000000000031,high,86,ui_screen_work_cell,candidate_owned,ui_work_cell_name,UI screen work-cell aligns most directly with U4 Desktop Operator.,
services/gui-gateway/work_cells/UI_UI_SCREEN_SIGNALS_HISTORY.json,file,work_cell,active_or_unknown,m0031,U4,desktop-operator,m0031-u4-desktop-operator,50000000000000000031,high,86,ui_screen_work_cell,candidate_owned,ui_work_cell_name,UI screen work-cell aligns most directly with U4 Desktop Operator.,
services/gui-gateway/work_cells/UI_UI_SCREEN_SYSTEM_STATUS.json,file,work_cell,active_or_unknown,m0031,U4,desktop-operator,m0031-u4-desktop-operator,50000000000000000031,high,86,ui_screen_work_cell,candidate_owned,ui_work_cell_name,UI screen work-cell aligns most directly with U4 Desktop Operator.,
services/gui-gateway/work_cells/UI_UI_SCREEN_TRADE_HISTORY.json,file,work_cell,active_or_unknown,m0031,U4,desktop-operator,m0031-u4-desktop-operator,50000000000000000031,high,86,ui_screen_work_cell,candidate_owned,ui_work_cell_name,UI screen work-cell aligns most directly with U4 Desktop Operator.,
context_packets/50000000000000000099/UI_UI_SCREEN_ALERTS,folder,context_packet_folder,active_or_unknown,m0031,U4,desktop-operator,m0031-u4-desktop-operator,50000000000000000031,high,86,ui_screen_work_cell,candidate_owned,ui_work_cell_name,UI screen work-cell aligns most directly with U4 Desktop Operator.,
context_packets/50000000000000000099/UI_UI_SCREEN_CONFIGURATION,folder,context_packet_folder,active_or_unknown,m0031,U4,desktop-operator,m0031-u4-desktop-operator,50000000000000000031,high,86,ui_screen_work_cell,candidate_owned,ui_work_cell_name,UI screen work-cell aligns most directly with U4 Desktop Operator.,
context_packets/50000000000000000099/UI_UI_SCREEN_DDE_PRICE_FEED,folder,context_packet_folder,active_or_unknown,m0031,U4,desktop-operator,m0031-u4-desktop-operator,50000000000000000031,high,86,ui_screen_work_cell,candidate_owned,ui_work_cell_name,UI screen work-cell aligns most directly with U4 Desktop Operator.,
context_packets/50000000000000000099/UI_UI_SCREEN_ECONOMIC_CALENDAR,folder,context_packet_folder,active_or_unknown,m0031,U4,desktop-operator,m0031-u4-desktop-operator,50000000000000000031,high,86,ui_screen_work_cell,candidate_owned,ui_work_cell_name,UI screen work-cell aligns most directly with U4 Desktop Operator.,
context_packets/50000000000000000099/UI_UI_SCREEN_EQUITY_RISK,folder,context_packet_folder,active_or_unknown,m0031,U4,desktop-operator,m0031-u4-desktop-operator,50000000000000000031,high,86,ui_screen_work_cell,candidate_owned,ui_work_cell_name,UI screen work-cell aligns most directly with U4 Desktop Operator.,
context_packets/50000000000000000099/UI_UI_SCREEN_HISTORY_ANALYTICS,folder,context_packet_folder,active_or_unknown,m0031,U4,desktop-operator,m0031-u4-desktop-operator,50000000000000000031,high,86,ui_screen_work_cell,candidate_owned,ui_work_cell_name,UI screen work-cell aligns most directly with U4 Desktop Operator.,
context_packets/50000000000000000099/UI_UI_SCREEN_LIVE_TRADING,folder,context_packet_folder,active_or_unknown,m0031,U4,desktop-operator,m0031-u4-desktop-operator,50000000000000000031,high,86,ui_screen_work_cell,candidate_owned,ui_work_cell_name,UI screen work-cell aligns most directly with U4 Desktop Operator.,
context_packets/50000000000000000099/UI_UI_SCREEN_REENTRY_MATRIX,folder,context_packet_folder,active_or_unknown,m0031,U4,desktop-operator,m0031-u4-desktop-operator,50000000000000000031,high,86,ui_screen_work_cell,candidate_owned,ui_work_cell_name,UI screen work-cell aligns most directly with U4 Desktop Operator.,
context_packets/50000000000000000099/UI_UI_SCREEN_REENTRY_PARAMETER_SETS,folder,context_packet_folder,active_or_unknown,m0031,U4,desktop-operator,m0031-u4-desktop-operator,50000000000000000031,high,86,ui_screen_work_cell,candidate_owned,ui_work_cell_name,UI screen work-cell aligns most directly with U4 Desktop Operator.,
context_packets/50000000000000000099/UI_UI_SCREEN_SIGNALS_HISTORY,folder,context_packet_folder,active_or_unknown,m0031,U4,desktop-operator,m0031-u4-desktop-operator,50000000000000000031,high,86,ui_screen_work_cell,candidate_owned,ui_work_cell_name,UI screen work-cell aligns most directly with U4 Desktop Operator.,
context_packets/50000000000000000099/UI_UI_SCREEN_SYSTEM_STATUS,folder,context_packet_folder,active_or_unknown,m0031,U4,desktop-operator,m0031-u4-desktop-operator,50000000000000000031,high,86,ui_screen_work_cell,candidate_owned,ui_work_cell_name,UI screen work-cell aligns most directly with U4 Desktop Operator.,
context_packets/50000000000000000099/UI_UI_SCREEN_TRADE_HISTORY,folder,context_packet_folder,active_or_unknown,m0031,U4,desktop-operator,m0031-u4-desktop-operator,50000000000000000031,high,86,ui_screen_work_cell,candidate_owned,ui_work_cell_name,UI screen work-cell aligns most directly with U4 Desktop Operator.,
CLI_PY_GUI/gui/Operator_Guide.md,file,documentation,active_or_unknown,m0031,U4,desktop-operator,m0031-u4-desktop-operator,50000000000000000031,medium-high,78,documentation,supports_module,direct_component_name; container_membership,Final path component contains 'operator guide'. | File is under legacy container 'CLI_PY_GUI'.,Generic child names require content validation.
services/reporter/tests/2099900182260118_test_reporter_plugin.py,file,test,active_or_unknown,m0032,P2,reporter,m0032-p2-reporter,50000000000000000032,high,90,explicit_name_match,candidate_owned,direct_component_name; canonical_name; container_membership,Final path component contains 'reporter'. | Final path component contains canonical name 'reporter'. | File is under legacy container 'services/reporter'.,Generic child names require content validation.
services/reporter,folder,folder,active_or_unknown,m0032,P2,reporter,m0032-p2-reporter,50000000000000000032,high,90,explicit_name_match,candidate_owned,direct_component_name; canonical_name; legacy_container_name,Final path component contains 'reporter'. | Final path component contains canonical name 'reporter'. | Container name maps to 1 candidate module(s).,Container identity does not determine every child file's ownership.
services/reporter/__init__.py,file,implementation_source,active_or_unknown,m0032,P2,reporter,m0032-p2-reporter,50000000000000000032,medium-high,74,legacy_container_member,candidate_owned,container_membership,File is under legacy container 'services/reporter'.,Generic child names require content validation.
services/reporter/src/2099900181260118_plugin.py,file,implementation_source,active_or_unknown,m0032,P2,reporter,m0032-p2-reporter,50000000000000000032,medium-high,74,legacy_container_member,candidate_owned,container_membership,File is under legacy container 'services/reporter'.,Generic child names require content validation.
services/reporter/src/__init__.py,file,implementation_source,active_or_unknown,m0032,P2,reporter,m0032-p2-reporter,50000000000000000032,medium-high,74,legacy_container_member,candidate_owned,container_membership,File is under legacy container 'services/reporter'.,Generic child names require content validation.
services/reporter/src/plugin.py,file,implementation_source,active_or_unknown,m0032,P2,reporter,m0032-p2-reporter,50000000000000000032,medium-high,74,legacy_container_member,candidate_owned,container_membership,File is under legacy container 'services/reporter'.,Generic child names require content validation.
CLI_PY_GUI/gui/plugin_manager.py,file,implementation_source,active_or_unknown,m0033,SK1,plugin-interface,m0033-sk1-plugin-interface,50000000000000000033,high,90,implementation_source,candidate_owned,direct_component_name; container_membership,Final path component contains 'plugin manager'. | File is under legacy container 'CLI_PY_GUI'.,Generic child names require content validation.
CLI_PY_GUI/gui_terminal/src/gui_terminal/plugins/base_plugin.py,file,implementation_source,active_or_unknown,m0033,SK1,plugin-interface,m0033-sk1-plugin-interface,50000000000000000033,high,90,implementation_source,candidate_owned,direct_component_name; container_membership,Final path component contains 'base plugin'. | File is under legacy container 'CLI_PY_GUI'.,Generic child names require content validation.
CLI_PY_GUI/gui_terminal/src/gui_terminal/plugins/plugin_manager.py,file,implementation_source,active_or_unknown,m0033,SK1,plugin-interface,m0033-sk1-plugin-interface,50000000000000000033,high,90,implementation_source,candidate_owned,direct_component_name; container_membership,Final path component contains 'plugin manager'. | File is under legacy container 'CLI_PY_GUI'.,Generic child names require content validation.
shared/2099900207260118_plugin_interface.py,file,implementation_source,active_or_unknown,m0033,SK1,plugin-interface,m0033-sk1-plugin-interface,50000000000000000033,high,90,implementation_source,candidate_owned,direct_component_name; canonical_name; explicit_path_crosswalk,Final path component contains 'plugin interface'. | Final path component contains canonical name 'plugin interface'. | Exact plugin-interface implementation filename.,
shared/2099900208260118_plugin_registry.py,file,implementation_source,active_or_unknown,m0033,SK1,plugin-interface,m0033-sk1-plugin-interface,50000000000000000033,high,90,implementation_source,candidate_owned,direct_component_name; explicit_path_crosswalk,Final path component contains 'plugin registry'. | Plugin registry supports plugin interface.,
shared/plugin_interface.py,file,implementation_source,active_or_unknown,m0033,SK1,plugin-interface,m0033-sk1-plugin-interface,50000000000000000033,high,90,implementation_source,candidate_owned,direct_component_name; canonical_name; explicit_path_crosswalk,Final path component contains 'plugin interface'. | Final path component contains canonical name 'plugin interface'. | Exact plugin-interface implementation filename.,
shared/plugin_registry.py,file,implementation_source,active_or_unknown,m0033,SK1,plugin-interface,m0033-sk1-plugin-interface,50000000000000000033,high,90,implementation_source,candidate_owned,direct_component_name; explicit_path_crosswalk,Final path component contains 'plugin registry'. | Plugin registry supports plugin interface.,
tests/2099900223260118_test_plugin_system.py,file,test,active_or_unknown,m0033,SK1,plugin-interface,m0033-sk1-plugin-interface,50000000000000000033,medium-high,78,test_or_doc,supports_module,direct_component_name,Final path component contains 'plugin system'.,
docs/idempotency.md,file,documentation,active_or_unknown,m0034,SK2,idempotency,m0034-sk2-idempotency,50000000000000000034,high,90,implementation_or_doc,candidate_owned,direct_component_name; canonical_name; idempotency_subtree,Final path component contains 'idempotency'. | Final path component contains canonical name 'idempotency'. | Path is inside an idempotency-specific subtree.,
services/risk-manager/work_cells/R1_7_IDEMPOTENCY_DUPLICATE_ORDER_PREVENTION.json,file,work_cell,active_or_unknown,m0034,SK2,idempotency,m0034-sk2-idempotency,50000000000000000034,high,90,implementation_or_doc,candidate_owned,direct_component_name; canonical_name; container_membership; explicit_work_cell_crosswalk,Final path component contains 'idempotency'. | Final path component contains 'duplicate order prevention'. | Final path component contains canonical name 'idempotency'. | File is under legacy container 'services/risk-manager'. | Legacy work-cell name crosswalks to m0034-sk2-idempotency.,Generic child names require content validation.; Legacy work-cell locator may differ from final atomic module locator.
shared/idempotency/models/2099900211260118_idempotency_key.py,file,implementation_source,active_or_unknown,m0034,SK2,idempotency,m0034-sk2-idempotency,50000000000000000034,high,90,implementation_or_doc,candidate_owned,direct_component_name; canonical_name; container_membership; idempotency_subtree,Final path component contains 'idempotency'. | Final path component contains 'idempotency key'. | Final path component contains canonical name 'idempotency'. | File is under legacy container 'shared/idempotency'. | Path is inside an idempotency-specific subtree.,Generic child names require content validation.
shared/idempotency/patterns/2099900212260118_exactly_once_execution.py,file,implementation_source,active_or_unknown,m0034,SK2,idempotency,m0034-sk2-idempotency,50000000000000000034,high,90,implementation_source,candidate_owned,direct_component_name; container_membership; idempotency_subtree,Final path component contains 'exactly once'. | File is under legacy container 'shared/idempotency'. | Path is inside an idempotency-specific subtree.,Generic child names require content validation.
shared/idempotency/patterns/2099900213260118_outbox_pattern.py,file,implementation_source,active_or_unknown,m0034,SK2,idempotency,m0034-sk2-idempotency,50000000000000000034,high,90,implementation_source,candidate_owned,direct_component_name; container_membership; idempotency_subtree,Final path component contains 'outbox pattern'. | File is under legacy container 'shared/idempotency'. | Path is inside an idempotency-specific subtree.,Generic child names require content validation.
context_packets/50000000000000000013/R1_7_IDEMPOTENCY_DUPLICATE_ORDER_PREVENTION,folder,context_packet_folder,active_or_unknown,m0034,SK2,idempotency,m0034-sk2-idempotency,50000000000000000034,high,90,implementation_or_doc,candidate_owned,direct_component_name; canonical_name; explicit_work_cell_crosswalk,Final path component contains 'idempotency'. | Final path component contains 'duplicate order prevention'. | Final path component contains canonical name 'idempotency'. | Legacy work-cell name crosswalks to m0034-sk2-idempotency.,Legacy work-cell locator may differ from final atomic module locator.
docs/idempotency,folder,documentation_folder,active_or_unknown,m0034,SK2,idempotency,m0034-sk2-idempotency,50000000000000000034,high,90,implementation_or_doc,candidate_owned,direct_component_name; canonical_name,Final path component contains 'idempotency'. | Final path component contains canonical name 'idempotency'.,
shared/idempotency,folder,folder,active_or_unknown,m0034,SK2,idempotency,m0034-sk2-idempotency,50000000000000000034,high,90,implementation_or_doc,candidate_owned,direct_component_name; canonical_name; legacy_container_name,Final path component contains 'idempotency'. | Final path component contains canonical name 'idempotency'. | Container name maps to 1 candidate module(s).,Container identity does not determine every child file's ownership.
src/idempotency,folder,source_folder,active_or_unknown,m0034,SK2,idempotency,m0034-sk2-idempotency,50000000000000000034,high,90,implementation_or_doc,candidate_owned,direct_component_name; canonical_name,Final path component contains 'idempotency'. | Final path component contains canonical name 'idempotency'.,
docs/idempotency/0110000011260118_README.md,file,documentation,active_or_unknown,m0034,SK2,idempotency,m0034-sk2-idempotency,50000000000000000034,high,88,idempotency_implementation_or_doc,likely_owned,idempotency_subtree,Path is inside an idempotency-specific subtree.,
shared/idempotency/2099900209260118___init__.py,file,implementation_source,active_or_unknown,m0034,SK2,idempotency,m0034-sk2-idempotency,50000000000000000034,high,88,idempotency_implementation_or_doc,likely_owned,container_membership; idempotency_subtree,File is under legacy container 'shared/idempotency'. | Path is inside an idempotency-specific subtree.,Generic child names require content validation.
shared/idempotency/middleware/2099900210260118_fastapi_middleware.py,file,implementation_source,active_or_unknown,m0034,SK2,idempotency,m0034-sk2-idempotency,50000000000000000034,high,88,idempotency_implementation_or_doc,likely_owned,container_membership; idempotency_subtree,File is under legacy container 'shared/idempotency'. | Path is inside an idempotency-specific subtree.,Generic child names require content validation.
shared/idempotency/patterns/2099900214260118_saga_coordinator.py,file,implementation_source,active_or_unknown,m0034,SK2,idempotency,m0034-sk2-idempotency,50000000000000000034,high,88,idempotency_implementation_or_doc,likely_owned,container_membership; idempotency_subtree,File is under legacy container 'shared/idempotency'. | Path is inside an idempotency-specific subtree.,Generic child names require content validation.
shared/idempotency/stores/2099900215260118_redis_store.py,file,implementation_source,active_or_unknown,m0034,SK2,idempotency,m0034-sk2-idempotency,50000000000000000034,high,88,idempotency_implementation_or_doc,likely_owned,container_membership; idempotency_subtree,File is under legacy container 'shared/idempotency'. | Path is inside an idempotency-specific subtree.,Generic child names require content validation.
src/idempotency/consumer.py,file,implementation_source,active_or_unknown,m0034,SK2,idempotency,m0034-sk2-idempotency,50000000000000000034,high,88,idempotency_implementation_or_doc,likely_owned,idempotency_subtree,Path is inside an idempotency-specific subtree.,
src/idempotency/queues.py,file,implementation_source,active_or_unknown,m0034,SK2,idempotency,m0034-sk2-idempotency,50000000000000000034,high,88,idempotency_implementation_or_doc,likely_owned,idempotency_subtree,Path is inside an idempotency-specific subtree.,
src/idempotency/state.py,file,implementation_source,active_or_unknown,m0034,SK2,idempotency,m0034-sk2-idempotency,50000000000000000034,high,88,idempotency_implementation_or_doc,likely_owned,idempotency_subtree,Path is inside an idempotency-specific subtree.,
